1717728712364,-2.5360569953918457,7.424246311187744,5.94627571105957
1717728712384,-2.53368878364563,7.394599437713623,5.837037086486816
1717728712410,-2.934614419937134,7.306757926940918,6.263618469238281
1717728712431,-2.6654598712921143,7.406228542327881,5.728327751159668
1717728712451,-2.3677451610565186,7.41967248916626,5.509237289428711
1717728712481,-2.5009818077087402,7.267927169799805,5.899606704711914
1717728712501,-2.480872869491577,7.210886478424072,5.817968845367432
1717728712531,-2.3835437297821045,7.136170387268066,5.502938270568848
1717728712551,-2.402167797088623,6.956615447998047,5.18163537979126
1717728712579,-2.3544702529907227,6.864394187927246,4.628346920013428
1717728712598,-0.5620300769805908,6.4137091636657715,3.1750941276550293
1717728712619,-0.6256116032600403,6.332751750946045,3.3668811321258545
1717728712648,-3.0415196418762207,5.560047149658203,5.368949890136719
1717728712684,-2.628443956375122,4.177516937255859,11.557567596435547
1717728712685,-2.896141767501831,3.7126896381378174,12.213258743286133
1717728712715,-3.368516683578491,3.3826727867126465,9.402462005615234
1717728712736,-3.216308116912842,3.610004425048828,6.726654052734375
1717728712764,-2.915968656539917,3.9520630836486816,6.304871559143066
1717728712785,-3.4551384449005127,3.4153497219085693,3.854182481765747
1717728712813,-3.6881484985351562,2.7892043590545654,3.6298675537109375
1717728712831,-1.7863953113555908,4.408046245574951,9.027231216430664
1717728712852,-2.571641683578491,3.5999906063079834,8.640813827514648
1717728712882,-3.515519142150879,2.9278602600097656,8.571046829223633
1717728712917,-3.0887434482574463,3.0759029388427734,8.09329891204834
1717728712918,-2.760087251663208,3.8124265670776367,7.173108100891113
1717728712951,-2.013082981109619,3.159027576446533,6.551515102386475
1717728712980,-2.1849749088287354,2.522263288497925,6.85351037979126
1717728712996,-2.3841724395751953,2.530912160873413,7.424741268157959
1717728713017,-1.5293165445327759,2.9537746906280518,5.06946325302124
1717728713048,-2.2858781814575195,2.4823594093322754,3.2528862953186035
1717728713066,-0.5629143714904785,2.8057854175567627,5.691255569458008
1717728713083,0.4556833803653717,2.5459587574005127,5.407515048980713
1717728713116,1.4312983751296997,1.0631883144378662,3.718895435333252
1717728713131,-3.112576723098755,-2.2283289432525635,3.746854543685913
1717728713158,-3.7695114612579346,-2.985055923461914,4.025701522827148
1717728713181,-2.6943624019622803,-4.907283306121826,5.40393590927124
1717728713216,-4.841080665588379,-5.935574054718018,5.296152591705322
1717728713220,-8.090049743652344,-7.035844326019287,3.7064411640167236
1717728713252,-12.946477890014648,-11.118643760681152,5.076562881469727
1717728713279,-14.491349220275879,-12.478588104248047,6.088402271270752
1717728713297,-19.34142303466797,-14.913164138793945,4.156007289886475
1717728713318,-21.362903594970703,-15.228917121887207,4.733613967895508
1717728713349,-22.4759521484375,-13.68644905090332,4.1860456466674805
1717728713378,-23.5898380279541,-9.44373893737793,-1.4366340637207031
1717728713394,-20.663206100463867,-7.595658779144287,-1.5957738161087036
1717728713414,-16.68988800048828,-5.482097148895264,2.3114373683929443
1717728713439,-15.609827041625977,-4.546993255615234,2.117501974105835
1717728713473,-12.047104835510254,-1.872185230255127,1.6471400260925293
1717728713503,-11.477309226989746,-1.3550598621368408,-0.22743937373161316
1717728713532,-10.37602424621582,-0.8331463932991028,0.8929988145828247
1717728713542,-10.37602424621582,-0.8331463932991028,0.8929988145828247
1717728713565,-2.9830470085144043,-2.465921640396118,-1.400547742843628
1717728713580,-6.188745498657227,-5.140130043029785,-1.8602147102355957
1717728713598,-5.204770565032959,-2.1187775135040283,2.389310598373413
1717728713618,-6.933310031890869,-4.168126106262207,2.6789965629577637
1717728713649,-7.656328201293945,-3.8760457038879395,4.448235511779785
1717728713657,-6.188745498657227,-4.570334434509277,6.777693271636963
1717728713681,-3.2823095321655273,-4.3309245109558105,8.685790061950684
1717728713696,-3.600724458694458,-5.439392566680908,5.642890453338623
1717728713716,-7.392977237701416,-6.9117631912231445,2.913618326187134
1717728713733,-10.368842124938965,-7.105685234069824,0.9289103150367737
1717728713754,-11.774177551269531,-6.385061264038086,0.3184151351451874
1717728713782,-12.729422569274902,-6.236627101898193,2.3940987586975098
1717728713792,-14.53217887878418,-6.006793975830078,3.509748697280884
1717728713815,-15.95666790008545,-5.803295612335205,3.615088939666748
1717728713830,-17.642114639282227,-4.52724027633667,4.6325812339782715
1717728713850,-16.672504425048828,-3.725217819213867,7.045832633972168
1717728713882,-10.814144134521484,-4.005327224731445,9.961845397949219
1717728713889,-2.123565435409546,-6.914156913757324,10.830903053283691
1717728713917,0.30644461512565613,-8.05135440826416,7.26369571685791
1717728713928,-5.051548480987549,-8.872529983520508,2.549715280532837
1717728713950,-3.2607624530792236,-8.681001663208008,0.47881975769996643
1717728713967,1.6399576663970947,-6.432943344116211,-1.7237510681152344
1717728713989,6.519131183624268,-4.702010154724121,3.176969051361084
1717728714014,3.4355318546295166,-4.874384880065918,10.22280216217041
1717728714029,2.219329595565796,-4.577517032623291,-0.40699678659439087
1717728714044,-0.37587350606918335,-3.3397676944732666,-3.8161935806274414
1717728714062,-1.6878396272659302,-2.2552409172058105,0.5290958285331726
1717728714081,-1.1324087381362915,-3.550448417663574,7.878979206085205
1717728714101,0.2920800745487213,-4.998878002166748,14.175458908081055
1717728714134,1.3694244623184204,-4.819321155548096,19.641185760498047
1717728714140,1.3071779012680054,-4.941420078277588,11.50843334197998
1717728714167,0.14604003727436066,-5.520791530609131,6.4377312660217285
1717728714178,0.3878439962863922,-6.064251899719238,4.436264991760254
1717728714199,2.1642651557922363,-5.001272678375244,3.2440037727355957
1717728714234,1.1324087381362915,-5.415451526641846,3.8329520225524902
1717728714236,-0.12928134202957153,-5.013243198394775,1.3790009021759033
1717728714266,-0.46445515751838684,-5.709925651550293,6.648412227630615
1717728714274,3.3589205741882324,-4.412323951721191,9.19094467163086
1717728714298,6.169592380523682,-2.166659355163574,6.753752708435059
1717728714312,5.817659854888916,-2.765183925628662,7.677874565124512
1717728714333,5.829630374908447,-3.2009100914001465,14.491479873657227
1717728714366,8.056142807006836,-5.343628406524658,17.00049591064453
1717728714376,10.634587287902832,-5.12097692489624,11.889094352722168
1717728714401,9.890022277832031,-2.5521092414855957,13.679880142211914
1717728714434,5.489668369293213,-3.7491588592529297,11.151712417602539
1717728714439,4.424294471740723,-7.074562072753906,6.8351521492004395
1717728714467,5.827236652374268,-9.178975105285645,1.118044137954712
1717728714478,6.013976097106934,-6.478431224822998,-2.5353505611419678
1717728714497,5.06351900100708,-6.442519664764404,-3.1985158920288086
1717728714516,2.267211437225342,-9.969026565551758,-1.9535846710205078
1717728714550,-2.183418035507202,-15.12352180480957,12.947285652160645
1717728714557,0.36869120597839355,-12.209903717041016,9.983391761779785
1717728714580,1.4316710233688354,-8.173453330993652,-2.389310598373413
1717728714596,1.5657405853271484,-5.690772533416748,-4.125032424926758
1717728714617,3.1051459312438965,-4.247130870819092,-4.0963029861450195
1717728714651,4.5535759925842285,-5.444180488586426,-4.826502799987793
1717728714681,4.5535759925842285,-5.444180488586426,-4.826502799987793
1717728714700,2.987100601196289,-8.789254188537598,0.6065893173217773
1717728714736,1.7827532291412354,-7.306230068206787,-0.4977268576622009
1717728714750,2.023256540298462,-3.36360764503479,-0.6791515946388245
1717728714773,3.192357301712036,-3.035742998123169,-3.478515625
1717728714797,2.2730610370635986,-10.762642860412598,-2.5091311931610107
1717728714815,-1.528079628944397,-38.282649993896484,3.9600157737731934
1717728714836,-2.3010025024414062,-35.55998229980469,1.9702231884002686
1717728714865,-2.9164035320281982,-5.980097770690918,-2.858154535293579
1717728714884,-4.257656097412109,-3.0201969146728516,0.06658224761486053
1717728714916,-9.683232307434082,-9.387429237365723,6.944759845733643
1717728714933,-5.176498889923096,-8.940943717956543,3.774136781692505
1717728714953,-3.1911978721618652,-10.361834526062012,-0.6638599038124084
1717728714981,-1.5728543996810913,-13.335549354553223,6.764827728271484
1717728715001,-1.7690569162368774,-13.843412399291992,6.524930000305176
1717728715035,-2.2730960845947266,-12.179217338562012,2.938607931137085
1717728715050,-1.9318629503250122,-13.285293579101562,-1.7716482877731323
1717728715069,-2.0725061893463135,-13.997352600097656,-4.650735378265381
1717728715103,-7.47064208984375,-16.730770111083984,-7.651031494140625
1717728715131,-13.201123237609863,-20.117218017578125,-10.013787269592285
1717728715147,-16.951208114624023,-12.691558837890625,12.397384643554688
1717728715167,-8.797863960266113,-5.8825764656066895,1.4267680644989014
1717728715185,-3.8025307655334473,-2.6660239696502686,-6.91290283203125
1717728715216,-4.443611145019531,-5.153807640075684,-0.054498616605997086
1717728715252,-4.676768779754639,-4.690244674682617,-0.5057550668716431
1717728715265,1.430112600326538,-4.562103748321533,-4.317869663238525
1717728715284,0.5059661865234375,-3.343052625656128,-3.600095510482788
1717728715318,-1.4462631940841675,-1.6945444345474243,-2.279242515563965
1717728715334,-1.6891926527023315,-0.5103799104690552,-4.087878227233887
1717728715354,-2.131840705871582,-0.5091803669929504,-4.095673561096191
1717728715380,-2.2304999828338623,-3.617117166519165,-1.4540473222732544
1717728715399,-4.967707633972168,-8.356783866882324,1.4343128204345703
1717728715433,-10.817584037780762,-15.163793563842773,10.510540008544922
1717728715449,-7.4305219650268555,-19.504478454589844,26.65260124206543
1717728715465,-5.427422046661377,-10.47657585144043,8.925200462341309
1717728715490,-7.268484115600586,-3.5887539386749268,0.5865541696548462
1717728715516,-9.1334867477417,-3.9670214653015137,-5.056336402893066
1717728715551,-9.1334867477417,-3.9670214653015137,-5.056336402893066
1717728715566,-9.1334867477417,-3.9670214653015137,-5.056336402893066
1717728715584,-7.995460033416748,-4.206472396850586,-4.670413494110107
1717728715620,-3.816406488418579,-3.8677523136138916,-5.736471652984619
1717728715632,-4.002025127410889,-4.652113437652588,-4.54495096206665
1717728715651,-4.93852424621582,-7.322159767150879,-3.699235439300537
1717728715683,-5.572582244873047,-16.564796447753906,-3.168531656265259
1717728715702,-4.426912307739258,-15.6790771484375,0.1481304168701172
1717728715732,0.011730859987437725,-8.755285263061523,-2.638180732727051
1717728715749,-0.6852490305900574,-6.622714996337891,-2.3728597164154053
1717728715768,-1.4900449514389038,-4.964494705200195,-1.6437773704528809
1717728715801,-3.211869955062866,-7.430516719818115,-0.32330361008644104
1717728715818,-3.9950003623962402,-8.713193893432617,-0.026212111115455627
1717728715846,-5.894930362701416,-8.845430374145508,3.617032527923584
1717728715867,-4.923062324523926,-8.707462310791016,1.573038935661316
1717728715903,-4.734580993652344,-8.558950424194336,0.44979074597358704
1717728715916,-6.082433700561523,-10.712786674499512,1.0117478370666504
1717728715935,-5.53373908996582,-11.090445518493652,2.1406214237213135
1717728715966,-1.7190945148468018,-12.643441200256348,5.323652744293213
1717728715982,-1.3723762035369873,-13.458341598510742,2.7510008811950684
1717728716002,-1.5616180896759033,-13.377294540405273,2.1616458892822266
1717728716032,-2.754042387008667,-11.634053230285645,5.646884441375732
1717728716051,-3.942647933959961,-10.54800796508789,4.053695201873779
1717728716081,-5.135468482971191,-11.235539436340332,3.5446486473083496
1717728716099,-2.433281183242798,-13.05720329284668,-3.344943046569824
1717728716118,-1.7019243240356445,-14.633687019348145,-6.459955215454102
1717728716148,-8.585896492004395,-15.842486381530762,-4.658642292022705
1717728716168,-13.993753433227539,-18.101327896118164,-2.77337908744812
1717728716192,-20.25168800354004,-18.824127197265625,0.1320820301771164
1717728716217,-8.426074028015137,-2.68043851852417,-1.4093151092529297
1717728716235,-6.698627471923828,-5.922290802001953,-4.617667198181152
1717728716266,-4.526373386383057,-4.453265190124512,-1.7335002422332764
1717728716285,-5.481861591339111,-4.313657760620117,-0.18844597041606903
1717728716303,-3.67303204536438,-4.609799861907959,-4.672454357147217
1717728716334,1.2103819847106934,-4.5496087074279785,-2.458482027053833
1717728716351,-1.6500754356384277,-2.066725969314575,-2.6171610355377197
1717728716382,-2.1926186084747314,0.19274619221687317,-3.9540908336639404
1717728716400,-1.9619444608688354,0.22098545730113983,-3.9915432929992676
1717728716427,-1.791354775428772,-0.7307636737823486,-3.600494861602783
1717728716449,-5.180946350097656,-7.387697696685791,1.267899513244629
1717728716477,-15.001422882080078,-20.972305297851562,22.25075340270996
1717728716512,-6.3778791427612305,-15.030152320861816,17.299758911132812
1717728716536,-6.3778791427612305,-15.030152320861816,17.299758911132812
1717728716564,-6.3778791427612305,-15.030152320861816,17.299758911132812
1717728716585,-7.93023157119751,-14.100414276123047,11.922175407409668
1717728716615,-13.821273803710938,-11.134903907775879,10.403542518615723
1717728716633,-7.67421293258667,-8.105598449707031,1.043130874633789
1717728716652,-4.162286281585693,-3.432717800140381,-9.26817512512207
1717728716681,-3.736173629760742,-3.6947617530822754,-5.523099422454834
1717728716701,-4.254977703094482,-4.858078956604004,-4.465179443359375
1717728716731,-5.866232872009277,-15.83243179321289,-4.820199966430664
1717728716749,-4.149501323699951,-16.103687286376953,-4.6468915939331055
1717728716769,-2.5303516387939453,-13.575589179992676,-0.7209795713424683
1717728716798,0.0012457212433218956,-7.645231246948242,-0.9701894521713257
1717728716817,-0.3875634968280792,-6.0577216148376465,-0.35601288080215454
1717728716847,-2.2438931465148926,-7.229885101318359,1.985637903213501
1717728716866,-3.906423807144165,-9.197062492370605,0.9370005130767822
1717728716886,-7.998874664306641,-9.667980194091797,2.683006763458252
1717728716914,-3.2994847297668457,-9.660628318786621,2.9338276386260986
1717728716935,-2.514708995819092,-9.33407211303711,0.5863052010536194
1717728716965,-4.460996627807617,-8.630138397216797,0.7367983460426331
1717728716983,-5.494229316711426,-9.26687240600586,0.7015472650527954
1717728717006,-6.162535190582275,-9.856407165527344,1.340930461883545
1717728717031,-3.332651138305664,-11.479830741882324,5.526223182678223
1717728717050,-2.0909814834594727,-12.595293045043945,3.2116446495056152
1717728717081,-2.6789636611938477,-13.09459400177002,5.66034460067749
1717728717100,-4.192471981048584,-11.408546447753906,7.719940185546875
1717728717122,-5.662010192871094,-11.749921798706055,7.161830425262451
1717728717147,-2.3557369709014893,-12.82158088684082,-3.9772965908050537
1717728717168,-0.5932422876358032,-13.215498924255371,-6.197720527648926
1717728717201,-6.740794658660889,-15.071027755737305,-4.033047199249268
1717728717217,-12.450037002563477,-17.850805282592773,-3.948369026184082
1717728717236,-20.38132667541504,-20.50360107421875,-5.3347344398498535
1717728717268,-14.790419578552246,-3.8603861331939697,2.13553786277771
1717728717301,-10.172664642333984,-6.155910015106201,-3.302042007446289
1717728717315,-4.606103897094727,-4.005950450897217,-2.62460994720459
1717728717335,-5.928462982177734,-3.782590389251709,1.6826894283294678
1717728717368,-4.4680585861206055,-4.541568279266357,-4.179478645324707
1717728717382,2.029268741607666,-5.517502307891846,-3.235898733139038
1717728717401,-0.40977948904037476,-3.2700588703155518,-2.5991857051849365
1717728717430,-1.303499460220337,-0.7034010887145996,-4.543630599975586
1717728717454,-1.5536938905715942,-0.18620707094669342,-4.376842498779297
1717728717480,-1.6217241287231445,-1.7505046129226685,-2.812980890274048
1717728717499,-2.298334836959839,-3.744370460510254,-1.0749503374099731
1717728717520,-8.072900772094727,-9.796651840209961,3.0955698490142822
1717728717549,-15.738804817199707,-24.082239151000977,28.707637786865234
1717728717615,-3.9257700443267822,-1.4900786876678467,-10.049580574035645
1717728717637,-7.0283918380737305,-4.243922233581543,-12.54184341430664
1717728717668,-22.22972297668457,-17.872961044311523,3.354426145553589
1717728717683,-17.23652458190918,-19.99350929260254,14.22388744354248
1717728717702,-5.600665092468262,-7.67028284072876,-7.313444137573242
1717728717734,-1.178242802619934,-1.2942546606063843,-2.298549175262451
1717728717750,-0.4724927246570587,-1.4874415397644043,-2.306758165359497
1717728717781,-5.256412506103516,-14.03150749206543,-3.7684712409973145
1717728717800,-5.981942653656006,-18.90894317626953,-2.4256861209869385
1717728717822,-3.74306321144104,-15.83218765258789,-1.0530641078948975
1717728717847,-0.18804171681404114,-7.044320583343506,-3.9397599697113037
1717728717867,-1.0670280456542969,-4.971015930175781,-2.6074864864349365
1717728717895,-2.8650898933410645,-6.419776916503906,-0.8195830583572388
1717728717933,-4.007898330688477,-8.836250305175781,-0.7505775690078735
1717728717934,-5.417454242706299,-10.333847999572754,0.13261501491069794
1717728717965,-7.207257270812988,-9.006966590881348,5.874431133270264
1717728717984,-4.2032012939453125,-8.832267761230469,4.069447994232178
1717728718013,-5.054153919219971,-9.480630874633789,1.8162212371826172
1717728718032,-6.014479637145996,-9.316770553588867,2.385615110397339
1717728718052,-6.1800336837768555,-9.66983413696289,2.7715208530426025
1717728718082,-1.3270992040634155,-12.101836204528809,2.0237233638763428
1717728718101,-0.6008850932121277,-13.133484840393066,1.315933108329773
1717728718130,-2.210110664367676,-12.904353141784668,6.122354030609131
1717728718149,-3.3125030994415283,-12.02424144744873,6.812010765075684
1717728718168,-3.9541144371032715,-12.269246101379395,6.027298450469971
1717728718198,-3.2042160034179688,-13.019858360290527,-4.120001316070557
1717728718217,-2.9281387329101562,-13.210253715515137,-6.533459186553955
1717728718247,-9.861876487731934,-15.595333099365234,-5.095122337341309
1717728718266,-16.030187606811523,-17.434545516967773,-3.618670701980591
1717728718285,-22.421037673950195,-15.16814136505127,0.9557287693023682
1717728718319,-13.243045806884766,-6.391253471374512,-0.38299018144607544
1717728718335,-7.09562873840332,-5.210853099822998,-4.452387809753418
1717728718372,-5.078314781188965,-4.309048175811768,-2.7077972888946533
1717728718403,-4.79019021987915,-4.0659027099609375,-2.6664748191833496
1717728718444,3.336012125015259,-4.996021747589111,-3.5826950073242188
1717728718452,0.4907808303833008,-3.3682875633239746,-2.446864128112793
1717728718480,-0.25856268405914307,-0.9815804958343506,-4.14897346496582
1717728718503,-0.246592178940773,-0.9791863560676575,-3.806617021560669
1717728718527,-0.28010955452919006,-1.3694244623184204,-3.4379258155822754
1717728718543,-0.30883875489234924,-2.0014665126800537,-3.0931754112243652
1717728718565,-11.51082706451416,-13.488351821899414,7.598869323730469
1717728718595,-11.51082706451416,-13.488351821899414,7.598869323730469
1717728718615,-6.654834270477295,-7.579745292663574,6.796154022216797
1717728718634,-6.581950664520264,-3.489110231399536,-2.0251095294952393
1717728718663,-11.706219673156738,-7.050761699676514,-10.012455940246582
1717728718683,-13.783266067504883,-8.776554107666016,-12.196681022644043
1717728718702,-13.512968063354492,-8.633313179016113,-9.052156448364258
1717728718736,-6.270864486694336,-6.510339736938477,-4.049918174743652
1717728718752,-4.144975662231445,-4.039917469024658,-6.11849308013916
1717728718781,-3.6240594387054443,-3.9228994846343994,-4.014509201049805
1717728718804,-4.415490627288818,-5.550316333770752,-3.5696840286254883
1717728718820,-6.66769552230835,-11.409523963928223,-3.426039218902588
1717728718849,-5.360841274261475,-16.61115837097168,-0.7504202127456665
1717728718869,-1.2964444160461426,-12.511709213256836,1.0756785869598389
1717728718900,-1.1527001857757568,-7.177730560302734,-1.7177058458328247
1717728718918,-1.5481793880462646,-5.685226917266846,-0.6012247800827026
1717728718936,-1.1334724426269531,-5.712052822113037,0.33247238397598267
1717728718968,-3.9485056400299072,-9.718507766723633,-1.5076388120651245
1717728718985,-4.920597076416016,-9.408258438110352,-0.3697044253349304
1717728719015,-3.0629570484161377,-9.089851379394531,3.1948468685150146
1717728719036,-3.5230274200439453,-8.664423942565918,2.680565118789673
1717728719052,-4.241934776306152,-8.952911376953125,2.6330490112304688
1717728719086,-6.167909145355225,-10.651961326599121,3.134742259979248
1717728719102,-6.275761127471924,-10.286677360534668,6.877171993255615
1717728719132,-1.9941387176513672,-13.051338195800781,0.9935221076011658
1717728719153,-1.0021928548812866,-12.989824295043945,2.0456697940826416
1717728719171,-2.217791795730591,-12.049145698547363,5.828840732574463
1717728719200,-4.184328079223633,-12.570557594299316,5.748144149780273
1717728719219,-4.767275333404541,-13.771370887756348,3.84664249420166
1717728719248,-1.8351366519927979,-12.657767295837402,-5.798694610595703
1717728719267,-3.3238346576690674,-13.067574501037598,-6.196923732757568
1717728719286,-6.211313247680664,-13.397789001464844,-4.937027931213379
1717728719318,-16.106651306152344,-16.402088165283203,-4.542023658752441
1717728719337,-20.266193389892578,-12.025398254394531,-1.4397709369659424
1717728719374,-12.036911010742188,-5.954443454742432,-0.6485828161239624
1717728719383,-6.530652046203613,-5.135344982147217,-3.8305625915527344
1717728719402,-4.2575578689575195,-5.076238632202148,-4.717992305755615
1717728719436,-5.007015228271484,-4.079350471496582,0.3564300537109375
1717728719459,-2.71748423576355,-5.073968410491943,-4.015625953674316
1717728719480,1.9240707159042358,-6.345815658569336,-2.7009997367858887
1717728719504,-0.6583771109580994,-3.5935423374176025,-2.2289059162139893
1717728719533,-0.6104952096939087,-1.4651883840560913,-4.187278747558594
1717728719550,-0.11731083691120148,-0.8187817335128784,-4.101091384887695
1717728719581,-2.7342047691345215,-4.28773832321167,-1.5882658958435059
1717728719617,-3.006988048553467,-4.6493401527404785,-1.3263307809829712
1717728719638,-12.754223823547363,-22.30365562438965,35.643436431884766
1717728719675,-6.045073509216309,-5.62942361831665,0.8593555688858032
1717728719686,-4.737000942230225,-0.06383709609508514,-5.525017261505127
1717728719715,-6.937177658081055,-3.026200294494629,-13.62185001373291
1717728719742,-12.474615097045898,-7.629304885864258,-17.316843032836914
1717728719774,-15.328536987304688,-20.339900970458984,6.684791564941406
1717728719782,-6.529355049133301,-9.684083938598633,-7.571157932281494
1717728719804,-4.018701553344727,-4.303587913513184,-5.734405517578125
1717728719834,-1.6548112630844116,-2.5830132961273193,-3.569143772125244
1717728719868,-6.594104290008545,-13.953924179077148,-2.6948587894439697
1717728719902,-3.817544937133789,-14.939292907714844,-0.42934662103652954
1717728719917,-0.9275614619255066,-10.084881782531738,-1.862856388092041
1717728719948,-0.5752717852592468,-5.072818279266357,-2.429020643234253
1717728719968,-1.6812973022460938,-4.651928424835205,-1.725196361541748
1717728719988,-2.9450864791870117,-6.168929100036621,-0.12406238913536072
1717728720020,-4.076840877532959,-9.404291152954102,-0.12684933841228485
1717728720034,-5.014058589935303,-10.108617782592773,0.5676546692848206
1717728720064,-8.71316909790039,-9.549633026123047,6.098994255065918
1717728720085,-4.995294570922852,-9.637324333190918,3.9629929065704346
1717728720103,-2.858058452606201,-10.71900749206543,2.123875617980957
1717728720133,-3.9948198795318604,-10.067754745483398,4.361151218414307
1717728720154,-3.284226179122925,-10.582915306091309,5.488719940185547
1717728720190,-1.272528052330017,-12.453927993774414,3.9369466304779053
1717728720219,-5.029536724090576,-12.668539047241211,5.419325351715088
1717728720250,-2.6464295387268066,-14.097452163696289,-2.5805752277374268
1717728720275,-2.6250593662261963,-12.715779304504395,-5.197215557098389
1717728720303,-7.7715349197387695,-12.479456901550293,-2.741645097732544
1717728720318,-11.310630798339844,-14.321206092834473,-2.3166470527648926
1717728720336,-14.854127883911133,-15.60604476928711,-0.31198593974113464
1717728720368,-19.15837860107422,-9.25889778137207,0.5078832507133484
1717728720385,-13.281365394592285,-7.795065879821777,-1.7544729709625244
1717728720419,-5.003307819366455,-5.887936592102051,-4.839810371398926
1717728720452,-5.804256916046143,-5.31838846206665,1.1109951734542847
1717728720499,4.515270233154297,-7.194266319274902,-5.4944562911987305
1717728720519,0.6990768313407898,-2.655055522918701,-2.939953327178955
1717728720541,0.1795574128627777,-1.1060736179351807,-2.9782588481903076
1717728720570,0.1795574128627777,-1.1060736179351807,-2.9782588481903076
1717728720598,0.1795574128627777,-1.1060736179351807,-2.9782588481903076
1717728720619,-5.19709587097168,-5.008383274078369,0.1727273017168045
1717728720646,-13.98458194732666,-23.59794807434082,36.28081512451172
1717728720669,-11.531800270080566,-17.501480102539062,21.583194732666016
1717728720685,-6.753120422363281,-7.100554943084717,3.438840389251709
1717728720715,-7.139651298522949,-2.834181785583496,-9.641648292541504
1717728720736,-12.02448844909668,-8.329569816589355,-13.515995025634766
1717728720765,-13.093233108520508,-14.48239517211914,9.89205265045166
1717728720787,-7.267924785614014,-9.118274688720703,0.78389573097229
1717728720801,-3.2221014499664307,-2.989712715148926,-6.1610822677612305
1717728720832,-4.5301971435546875,-4.108476161956787,-6.375053882598877
1717728720855,-6.168434143066406,-6.27731466293335,-4.7641072273254395
1717728720891,-8.141626358032227,-16.684818267822266,-4.474712371826172
1717728720920,-3.744845151901245,-13.307549476623535,-2.6924829483032227
1717728720948,-1.1878565549850464,-8.130722045898438,-1.8682788610458374
1717728720970,-1.4506111145019531,-6.947183609008789,-1.611867904663086
1717728720997,-2.183619976043701,-6.633059978485107,2.5596232414245605
1717728721019,-4.284449100494385,-8.91983413696289,1.3855971097946167
1717728721035,-7.268287181854248,-9.343381881713867,2.289363384246826
1717728721064,-3.5092546939849854,-8.53579044342041,2.4889235496520996
1717728721085,-3.090503454208374,-7.901824951171875,0.6226019263267517
1717728721114,-4.051242351531982,-8.155220985412598,1.151931881904602
1717728721137,-5.097329139709473,-9.205307960510254,3.6328721046447754
1717728721152,-6.320777893066406,-10.049381256103516,8.391393661499023
1717728721182,-2.9876108169555664,-12.380330085754395,2.1399197578430176
1717728721202,-1.8995795249938965,-12.97472095489502,4.752453804016113
1717728721230,-2.7845499515533447,-12.962435722351074,7.364308834075928
1717728721257,-1.1502254009246826,-15.319317817687988,0.6954130530357361
1717728721269,0.6131436228752136,-14.905377388000488,-6.021602630615234
1717728721299,-2.9486663341522217,-13.135784149169922,-4.278646945953369
1717728721318,-6.724140644073486,-14.753728866577148,-3.227186441421509
1717728721336,-11.171253204345703,-16.760766983032227,-2.8118443489074707
1717728721368,-20.00947380065918,-16.194189071655273,1.3018018007278442
1717728721385,-16.921039581298828,-7.491304874420166,1.3347246646881104
1717728721415,-7.894095420837402,-5.853888511657715,-4.379064559936523
1717728721437,-4.436779975891113,-5.3913750648498535,-4.873428821563721
1717728721453,-5.85797119140625,-5.599700927734375,-2.6166210174560547
1717728721474,-6.729811668395996,-3.33497953414917,-1.022280216217041
1717728721505,-4.52484655380249,-3.72282338142395,-1.5226467847824097
1717728721537,3.6270594596862793,-5.379539966583252,-5.85117769241333
1717728721552,1.0653740167617798,-0.7469587922096252,-3.4211668968200684
1717728721569,0.20589250326156616,0.06942886859178543,-4.37162446975708
1717728721591,-1.1683202981948853,-0.42854368686676025,-4.208825588226318
1717728721618,-3.081204891204834,-1.9440081119537354,-3.5743894577026367
1717728721636,-8.482292175292969,-8.870136260986328,3.7659173011779785
1717728721647,-18.130510330200195,-25.52109146118164,37.788455963134766
1717728721671,-10.455028533935547,-18.144874572753906,22.104713439941406
1717728721686,-5.585432529449463,-7.005133152008057,1.5322232246398926
1717728721704,-4.730739116668701,-1.6519280672073364,-5.760201454162598
1717728721723,-6.109739780426025,-5.006060600280762,-12.449313163757324
1717728721743,-13.902530670166016,-11.324087142944336,-19.112089157104492
1717728721773,-15.200133323669434,-16.236778259277344,6.320420265197754
1717728721782,-7.943619728088379,-8.487079620361328,0.6918945908546448
1717728721808,-2.51859188079834,-2.8872830867767334,-4.749892234802246
1717728721821,-4.962966442108154,-4.194460868835449,-9.832564353942871
1717728721839,-6.310844421386719,-6.107346057891846,-5.781748294830322
1717728721873,-7.211025714874268,-9.621883392333984,-4.725951194763184
1717728721878,-7.495923042297363,-16.002155303955078,-4.529634952545166
1717728721906,-5.154494285583496,-15.489818572998047,-4.364441871643066
1717728721919,-2.755607843399048,-11.434215545654297,-4.074756145477295
1717728721939,-2.137930154800415,-9.066452026367188,-0.6751358509063721
1717728721974,-1.280842900276184,-7.448040962219238,-1.1731083393096924
1717728721976,-1.4316710233688354,-6.583771705627441,-0.3208092153072357
1717728722006,-1.8961262702941895,-6.6292595863342285,0.904969334602356
1717728722024,-3.33497953414917,-9.526119232177734,0.6990768313407898
1717728722043,-6.935704231262207,-8.290763854980469,3.208092212677002
1717728722074,-4.500905513763428,-8.28597640991211,3.112328290939331
1717728722104,-3.2942800521850586,-8.764796257019043,0.20349839329719543
1717728722112,-3.3924379348754883,-9.336984634399414,1.2138081789016724
1717728722140,-4.3979597091674805,-10.115066528320312,3.32061505317688
1717728722172,-5.925394535064697,-11.21874713897705,8.640301704406738
1717728722178,-3.3924379348754883,-11.999222755432129,3.3924379348754883
1717728722207,-2.4347984790802,-13.924077987670898,2.3653695583343506
1717728722241,0.46445515751838684,-12.6456298828125,9.377684593200684
1717728722246,-0.8834224343299866,-12.466072082519531,6.488007545471191
1717728722272,-0.6775299310684204,-13.069384574890137,0.629647970199585
1717728722307,-0.7134414315223694,-14.989452362060547,-7.302000999450684
1717728722314,-4.1753082275390625,-15.877662658691406,-5.168859004974365
1717728722337,-9.483024597167969,-17.563108444213867,-5.516003608703613
1717728722351,-16.152984619140625,-20.74725914001465,-4.376412391662598
1717728722371,-19.8614444732666,-15.76035213470459,2.6023852825164795
1717728722391,-15.116338729858398,-3.7970404624938965,3.4235613346099854
1717728722419,-12.50916576385498,-6.382667541503906,-2.858553886413574
1717728722437,-6.3299970626831055,-4.606245994567871,-5.168859004974365
1717728722453,-4.950995922088623,-5.015636920928955,-4.137002944946289
1717728722471,-6.021158695220947,-4.56554651260376,1.6998101472854614
1717728722502,-2.1386826038360596,-5.251770496368408,-4.806382179260254
1717728722520,3.083599328994751,-4.848050117492676,-4.6493401527404785
1717728722546,3.083599328994751,-4.848050117492676,-4.6493401527404785
1717728722571,0.27154675126075745,-0.7923288941383362,-4.756357192993164
1717728722587,0.7781479954719543,-0.6279718279838562,-4.505289554595947
1717728722614,-0.2077312022447586,-2.171686887741089,-3.6254141330718994
1717728722642,-1.6267493963241577,-4.594320774078369,-3.652146339416504
1717728722654,-5.606591701507568,-9.52952766418457,-0.20641368627548218
1717728722683,-16.391725540161133,-22.096704483032227,36.46086502075195
1717728722706,-8.480466842651367,-11.477729797363281,5.9250922203063965
1717728722743,-6.656475067138672,0.11850618571043015,-4.287594795227051
1717728722749,-10.867971420288086,-5.552192687988281,-12.90791130065918
1717728722770,-17.28484535217285,-12.804882049560547,-19.211877822875977
1717728722799,-8.040480613708496,-11.782266616821289,5.294887065887451
1717728722823,-4.655160427093506,-6.109375,-9.539161682128906
1717728722859,-3.309363603591919,-3.844735860824585,-6.450436592102051
1717728722867,-3.9827120304107666,-5.647647380828857,-6.382617473602295
1717728722891,-6.21134090423584,-12.310258865356445,-5.252259731292725
1717728722924,-3.057919502258301,-16.633583068847656,-3.7816665172576904
1717728722935,-0.7057066559791565,-11.581686973571777,-2.044194221496582
1717728722965,-0.538679838180542,-7.487388610839844,-0.44081270694732666
1717728722990,-1.142012357711792,-6.904150485992432,-0.9987056255340576
1717728723002,-1.8582404851913452,-7.326860427856445,-0.8167595267295837
1717728723031,-4.0299882888793945,-9.529739379882812,-1.218911051750183
1717728723054,-4.727684497833252,-10.185311317443848,1.1766654253005981
1717728723086,-4.0983147621154785,-9.465280532836914,6.70458459854126
1717728723120,-3.1699581146240234,-7.924871921539307,1.4949166774749756
1717728723149,-3.493886947631836,-8.970309257507324,2.456778049468994
1717728723171,-3.4282984733581543,-10.487753868103027,4.073960304260254
1717728723201,-0.39002060890197754,-12.683826446533203,3.5475099086761475
1717728723220,-0.057833582162857056,-13.224868774414062,5.487378120422363
1717728723236,-0.722507655620575,-13.070632934570312,8.3220796585083
1717728723267,0.9722400307655334,-14.092370986938477,1.7301167249679565
1717728723293,0.8593486547470093,-12.976665496826172,-4.074983596801758
1717728723324,-3.697261333465576,-14.405397415161133,-4.644510746002197
1717728723334,-6.986112117767334,-16.79464340209961,-4.255887985229492
1717728723357,-11.56396770477295,-20.468706130981445,-3.30488920211792
1717728723390,-19.693309783935547,-20.29781150817871,4.600454807281494
1717728723401,-13.132892608642578,-9.243671417236328,4.443731307983398
1717728723435,-8.768230438232422,-5.600285530090332,-7.356230735778809
1717728723469,-6.110485076904297,-4.411655902862549,-2.605299472808838
1717728723489,-4.845655918121338,-3.976598024368286,-0.9600335955619812
1717728723510,-1.6734750270843506,-4.819321155548096,-5.5088210105896
1717728723537,2.4491629600524902,-5.166464805603027,-3.7300057411193848
1717728723554,2.4491629600524902,-5.166464805603027,-3.7300057411193848
1717728723587,2.4491629600524902,-5.166464805603027,-3.7300057411193848
1717728723614,-1.0183857679367065,-2.11366868019104,-3.0780725479125977
1717728723640,-2.2715351581573486,-4.242921829223633,-2.412950277328491
1717728723653,-5.954193115234375,-8.207930564880371,0.4493493139743805
1717728723682,-12.799537658691406,-25.016178131103516,37.5101318359375
1717728723709,-5.506119251251221,-15.784220695495605,14.200843811035156
1717728723743,-5.140468120574951,-0.3083632290363312,-2.6807448863983154
1717728723751,-8.555153846740723,-1.6837159395217896,-10.181768417358398
1717728723771,-15.322896003723145,-7.047354698181152,-16.12749671936035
1717728723799,-14.640122413635254,-14.326258659362793,16.45464515686035
1717728723825,-3.6847543716430664,-9.329991340637207,-5.956905841827393
1717728723859,-3.6141481399536133,-5.219592094421387,-8.249759674072266
1717728723868,-4.024515151977539,-5.404415607452393,-5.083240509033203
1717728723893,-4.716557502746582,-6.432528972625732,-4.170726299285889
1717728723922,-6.360947608947754,-17.320266723632812,-5.022032737731934
1717728723937,-4.25444221496582,-16.510042190551758,-4.477846145629883
1717728723964,-0.8409860134124756,-10.522698402404785,-0.9281142354011536
1717728723990,-1.1703451871871948,-9.116687774658203,-1.1069163084030151
1717728724003,-1.5305883884429932,-7.928753852844238,-0.9411258697509766
1717728724031,-0.6361369490623474,-8.344690322875977,0.5317249298095703
1717728724054,-1.8118733167648315,-9.421711921691895,-0.5138668417930603
1717728724083,-1.1165860891342163,-8.506440162658691,4.440649509429932
1717728724108,-2.008544921875,-8.315743446350098,4.91898775100708
1717728724120,-2.9083030223846436,-8.71435832977295,2.6419131755828857
1717728724149,-4.263442039489746,-8.050963401794434,1.9293670654296875
1717728724171,-6.074390411376953,-9.493678092956543,3.357034921646118
1717728724198,-3.639461040496826,-11.998075485229492,3.1625983715057373
1717728724221,-1.2517950534820557,-13.666096687316895,2.561753511428833
1717728724237,-0.1173405647277832,-13.644814491271973,3.925222396850586
1717728724266,-0.5346745252609253,-13.135796546936035,5.515170574188232
1717728724291,0.6436249613761902,-14.304544448852539,2.322878837585449
1717728724324,-0.17152023315429688,-13.153319358825684,-4.042243957519531
1717728724335,-1.8804712295532227,-13.13963508605957,-3.770204782485962
1717728724361,-4.197545528411865,-13.498663902282715,-4.035915851593018
1717728724389,-14.124076843261719,-19.591447830200195,-3.947852373123169
1717728724403,-17.238174438476562,-19.774381637573242,0.4493008255958557
1717728724435,-10.19449234008789,-5.083817481994629,1.6923329830169678
1717728724470,-7.113344192504883,-6.571091175079346,-6.147784233093262
1717728724497,-4.000214576721191,-4.902043342590332,-1.8249541521072388
1717728724520,-2.623932361602783,-6.306056022644043,-3.8736517429351807
1717728724545,0.09097574651241302,-7.26369571685791,-4.8073506355285645
1717728724574,2.1810240745544434,-5.654860973358154,-3.5887539386749268
1717728724608,0.7586493492126465,-2.4749975204467773,-4.478668689727783
1717728724616,0.3519325256347656,-1.5657405853271484,-4.733132839202881
1717728724642,0.3519325256347656,-1.5657405853271484,-4.733132839202881
1717728724674,-4.092872619628906,-4.9516282081604,-0.39023667573928833
1717728724684,-11.156794548034668,-13.756439208984375,17.330249786376953
1717728724712,-19.33544921875,-23.98143196105957,38.3509407043457
1717728724739,-4.462709903717041,-7.402912616729736,3.30037522315979
1717728724761,-5.182802677154541,-1.7809046506881714,-12.354265213012695
1717728724794,-9.645358085632324,-6.386678218841553,-21.365453720092773
1717728724826,-14.938971519470215,-19.042938232421875,14.489465713500977
1717728724860,-3.136784315109253,-5.590193271636963,-6.13361120223999
1717728724869,-3.382840156555176,-4.45843505859375,-6.880844593048096
1717728724897,-5.662280082702637,-8.575827598571777,-6.081032752990723
1717728724933,-6.5674543380737305,-14.479990005493164,-5.510992527008057
1717728724955,-4.23945951461792,-15.272590637207031,-1.5972355604171753
1717728724970,-2.0246191024780273,-11.544658660888672,1.129258394241333
1717728724985,-0.6523450016975403,-8.635190963745117,0.10803725570440292
1717728725014,-1.3366310596466064,-6.3026838302612305,-2.2736289501190186
1717728725041,-1.181483268737793,-6.869636058807373,-1.6207224130630493
1717728725054,-1.3366944789886475,-7.9898576736450195,-0.861501932144165
1717728725081,-2.33964204788208,-8.446420669555664,0.2321833223104477
1717728725111,-2.783109188079834,-8.679216384887695,2.1670196056365967
1717728725140,-3.5117685794830322,-9.278739929199219,2.9633753299713135
1717728725156,-4.099536895751953,-9.657124519348145,2.797597646713257
1717728725168,-5.350245952606201,-10.248631477355957,4.918892860412598
1717728725200,-4.62613582611084,-11.077929496765137,3.939328193664551
1717728725223,-2.3725106716156006,-12.190629959106445,1.1330270767211914
1717728725247,1.04924738407135,-11.869375228881836,4.927065849304199
1717728725277,1.1485520601272583,-11.271754264831543,6.2204813957214355
1717728725313,-1.383650779724121,-14.022464752197266,3.364917039871216
1717728725314,-2.346003532409668,-14.50493335723877,-1.4864577054977417
1717728725340,-2.2961161136627197,-14.460077285766602,-5.719709396362305
1717728725367,-6.8605055809021,-15.413324356079102,-4.960940837860107
1717728725402,-16.94405174255371,-19.881380081176758,-2.867924451828003
1717728725423,-18.67163848876953,-15.719263076782227,3.9985744953155518
1717728725456,-12.167563438415527,-7.71336555480957,-1.3745992183685303
1717728725487,-3.0165646076202393,-5.4800920486450195,-5.238287925720215
1717728725511,-3.5600247383117676,-4.840867519378662,-2.942347288131714
1717728725538,-4.390777111053467,-4.72116231918335,-0.24898625910282135
1717728725567,-4.390777111053467,-4.72116231918335,-0.24898625910282135
1717728725596,-1.1713370084762573,-1.8875854015350342,-3.3929316997528076
1717728725624,0.4107505977153778,-0.65153968334198,-4.722552299499512
1717728725639,-0.25776079297065735,-1.0691213607788086,-4.604051113128662
1717728725665,-3.3634250164031982,-4.719991683959961,-2.8194572925567627
1717728725691,-8.002545356750488,-10.587939262390137,6.573563098907471
1717728725713,-13.335672378540039,-20.581987380981445,31.885162353515625
1717728725742,-5.764133930206299,-11.040075302124023,8.544360160827637
1717728725776,-6.137251853942871,-3.1459567546844482,-8.00832748413086
1717728725780,-9.843916893005371,-7.890331745147705,-17.41877555847168
1717728725811,-15.222368240356445,-12.39931869506836,-17.84055519104004
1717728725843,-6.225333213806152,-8.879724502563477,1.1837389469146729
1717728725849,-2.9931082725524902,-4.217170238494873,-5.518354415893555
1717728725881,-2.604095458984375,-3.4988818168640137,-7.9213547706604
1717728725913,-5.496999740600586,-8.830595970153809,-6.110852241516113
1717728725916,-7.1686553955078125,-15.792243003845215,-6.128320217132568
1717728725940,-6.1101975440979,-18.93742561340332,-4.653575420379639
1717728725967,-2.5792737007141113,-12.209855079650879,-3.8391146659851074
1717728725995,-1.9349113702774048,-9.901601791381836,-1.9749903678894043
1717728726028,-1.7284417152404785,-8.08043384552002,0.29746824502944946
1717728726033,-0.9644218683242798,-6.907488822937012,0.7246077060699463
1717728726060,-2.670999050140381,-6.742809295654297,-0.2523086667060852
1717728726092,-1.578191876411438,-8.808059692382812,3.904468059539795
1717728726101,-2.318796396255493,-7.996809005737305,4.539780139923096
1717728726131,-3.782038450241089,-6.996068000793457,1.8163173198699951
1717728726159,-3.9445736408233643,-6.754214286804199,2.1448428630828857
1717728726171,-4.829169273376465,-8.450081825256348,2.7610630989074707
1717728726199,-2.521766185760498,-11.496737480163574,2.6185965538024902
1717728726225,-1.2012355327606201,-11.938458442687988,2.542043685913086
1717728726251,-1.6774837970733643,-12.940545082092285,6.483642578125
1717728726273,-3.755251884460449,-14.366934776306152,6.264159679412842
1717728726288,-1.9988086223602295,-16.843006134033203,1.3222755193710327
1717728726318,-0.33457469940185547,-14.893689155578613,-3.585278034210205
1717728726339,-1.903647780418396,-14.185226440429688,-5.816685676574707
1717728726369,-9.82125186920166,-17.18086051940918,-3.530686378479004
1717728726404,-19.488006591796875,-18.545564651489258,2.3561534881591797
1717728726432,-11.15371322631836,-6.604053974151611,-0.41423299908638
1717728726455,-7.664028644561768,-9.343185424804688,-4.388086318969727
1717728726482,-3.9522807598114014,-5.553016662597656,-3.8032846450805664
1717728726508,-4.864808559417725,-4.613428592681885,-1.4891294240951538
1717728726522,-4.306983470916748,-4.323742389678955,-1.1850788593292236
1717728726570,1.6782633066177368,-5.642890453338623,-6.442519664764404
1717728726598,1.6782633066177368,-5.642890453338623,-6.442519664764404
1717728726628,1.197012186050415,-3.988295793533325,-5.548207759857178
1717728726637,-0.2599911391735077,-1.0808628797531128,-3.6277213096618652
1717728726668,-3.448728084564209,-5.889090061187744,-2.318990468978882
1717728726699,-9.881840705871582,-14.309529304504395,10.30374813079834
1717728726724,-8.948568344116211,-19.651742935180664,24.65802764892578
1717728726738,-4.911097049713135,-10.226598739624023,7.920538902282715
1717728726754,-5.399608135223389,-2.5748698711395264,-3.6277847290039062
1717728726782,-8.784818649291992,-5.27547025680542,-19.045207977294922
1717728726808,-12.561798095703125,-8.561445236206055,-19.592336654663086
1717728726842,-8.826897621154785,-13.007757186889648,1.3999428749084473
1717728726850,-2.8939929008483887,-6.023196697235107,-7.6895751953125
1717728726874,-2.007884979248047,-3.93023681640625,-6.335522651672363
1717728726899,-4.3284010887146,-9.050178527832031,-4.92126989364624
1717728726928,-5.455738067626953,-15.908296585083008,-4.7555012702941895
1717728726964,-1.9370571374893188,-13.853133201599121,-4.5658040046691895
1717728726994,-0.032388973981142044,-7.935126304626465,-1.9636797904968262
1717728727030,-0.007323670666664839,-6.865523338317871,-0.04202519729733467
1717728727034,-0.9694366455078125,-7.734730243682861,0.27703335881233215
1717728727066,-1.6352243423461914,-10.41335678100586,0.21759289503097534
1717728727089,-2.6511988639831543,-9.922101974487305,0.03252490609884262
1717728727112,-2.173546314239502,-9.395304679870605,5.8953070640563965
1717728727141,-1.7533944845199585,-9.486173629760742,3.798419237136841
1717728727157,-1.8772861957550049,-9.271772384643555,1.9868298768997192
1717728727181,-2.7668631076812744,-10.62829303741455,2.698908567428589
1717728727210,-3.242995023727417,-11.433612823486328,4.1923956871032715
1717728727220,-0.3719087541103363,-12.206571578979492,2.4275755882263184
1717728727249,1.83507239818573,-12.520992279052734,4.601371765136719
1717728727279,1.7749345302581787,-12.447959899902344,7.932829856872559
1717728727314,2.5522141456604004,-15.392929077148438,3.2727878093719482
1717728727316,1.166966438293457,-14.760109901428223,-1.8863892555236816
1717728727342,0.10890879482030869,-13.782342910766602,-5.105066299438477
1717728727369,-5.810694217681885,-17.213809967041016,-9.354931831359863
1717728727394,-16.953519821166992,-23.52908706665039,-2.549422264099121
1717728727432,-18.332046508789062,-18.60422706604004,13.78842830657959
1717728727432,-11.629829406738281,-12.061050415039062,3.0582706928253174
1717728727453,-5.491492748260498,-6.5590643882751465,-8.161767959594727
1717728727481,-5.382909297943115,-5.100200176239014,-4.310039043426514
1717728727500,-6.136075019836426,-5.152100563049316,-2.219329595565796
1717728727531,-3.9550511837005615,-3.6581830978393555,0.8379345536231995
1717728727551,-0.20349839329719543,-5.676407814025879,-5.4992451667785645
1717728727570,-0.20349839329719543,-5.676407814025879,-5.4992451667785645
1717728727598,-0.20349839329719543,-5.676407814025879,-5.4992451667785645
1717728727623,0.4089081883430481,-1.156188726425171,-4.948858261108398
1717728727646,-0.5453730821609497,-1.7639050483703613,-4.213235855102539
1717728727674,-1.7575056552886963,-3.788579225540161,-3.1204466819763184
1717728727691,-5.341704368591309,-8.614351272583008,1.6080800294876099
1717728727714,-12.22375774383545,-24.82891845703125,35.80734634399414
1717728727739,-4.720041275024414,-14.747615814208984,9.647875785827637
1717728727763,-8.821685791015625,-4.804586410522461,-8.613959312438965
1717728727792,-12.68499755859375,-10.18901538848877,-17.53146743774414
1717728727804,-10.89989948272705,-10.026498794555664,-21.155920028686523
1717728727831,-10.99736499786377,-11.780157089233398,1.8848421573638916
1717728727858,-4.319387912750244,-5.975679397583008,-9.836834907531738
1717728727879,-2.4278223514556885,-4.866950511932373,-5.371006011962891
1717728727911,-2.814152956008911,-7.530289173126221,-3.84401798248291
1717728727919,-3.947902202606201,-14.899696350097656,-3.6381969451904297
1717728727949,-1.3949087858200073,-13.386098861694336,-5.154549598693848
1717728727981,0.09576967358589172,-9.055931091308594,-4.297170639038086
1717728728012,-0.5327961444854736,-7.539276599884033,-1.9151999950408936
1717728728017,-0.4469992220401764,-8.332679748535156,-1.4544086456298828
1717728728046,-0.19108016788959503,-9.267812728881836,-1.2028133869171143
1717728728082,0.27204418182373047,-11.501736640930176,0.5483641624450684
1717728728084,-0.5720678567886353,-11.25117015838623,0.6712631583213806
1717728728113,-1.040122628211975,-10.050694465637207,6.957589626312256
1717728728147,-1.5676774978637695,-9.655027389526367,5.714028358459473
1717728728153,-1.1563102006912231,-9.024468421936035,3.1031644344329834
1717728728181,-3.5440945625305176,-10.665989875793457,1.5567784309387207
1717728728214,-3.4174978733062744,-11.895858764648438,3.9544060230255127
1717728728244,2.6266438961029053,-12.542527198791504,3.605309247970581
1717728728250,3.6009087562561035,-12.618389129638672,4.399183750152588
1717728728289,3.8488242626190186,-12.759941101074219,8.377431869506836
1717728728310,2.5128395557403564,-14.557028770446777,3.1032097339630127
1717728728325,0.8292394280433655,-12.739458084106445,-3.060067653656006
1717728728347,-1.6321258544921875,-15.11649227142334,-6.537076950073242
1717728728376,-2.868806838989258,-16.475786209106445,-5.228523254394531
1717728728392,-6.097876071929932,-20.185047149658203,-5.299336910247803
1717728728418,-16.796892166137695,-21.915416717529297,5.538250923156738
1717728728443,-13.865453720092773,-13.718913078308105,5.094568729400635
1717728728470,-3.357182025909424,-4.362067222595215,-7.5854949951171875
1717728728492,-3.823375701904297,-5.489668369293213,-4.3021955490112305
1717728728516,-3.6581830978393555,-5.393904685974121,-0.6871063113212585
1717728728542,-1.2545077800750732,-5.171253681182861,-2.5209860801696777
1717728728562,-1.2545077800750732,-5.171253681182861,-2.5209860801696777
1717728728592,-1.2545077800750732,-5.171253681182861,-2.5209860801696777
1717728728606,-1.2545077800750732,-5.171253681182861,-2.5209860801696777
1717728728622,-0.621008574962616,-0.24770283699035645,-5.66624116897583
1717728728649,-1.6092370748519897,-0.9071322083473206,-4.308326721191406
1717728728674,-2.0756232738494873,-3.1076102256774902,-4.011485576629639
1717728728689,-3.434011220932007,-8.176508903503418,-1.0466862916946411
1717728728717,-10.92303466796875,-29.642353057861328,40.3077507019043
1717728728742,-3.5552496910095215,-17.462160110473633,15.595809936523438
1717728728763,-3.21524715423584,-3.1503143310546875,-9.841744422912598
1717728728794,-6.750383377075195,-6.745985984802246,-16.298110961914062
1717728728804,-9.770421981811523,-10.080534934997559,-21.271944046020508
1717728728831,-11.385787010192871,-14.251119613647461,5.465824127197266
1717728728864,-1.9527357816696167,-6.235239028930664,-10.472761154174805
1717728728896,-2.5777289867401123,-5.944401264190674,-4.33015775680542
1717728728900,-2.7206408977508545,-9.48354434967041,-4.155510425567627
1717728728932,-2.5849645137786865,-16.13054084777832,-3.6528804302215576
1717728728960,-0.6273805499076843,-13.790037155151367,-3.4397759437561035
1717728728969,-0.43153563141822815,-10.095330238342285,-2.4496400356292725
1717728729001,-0.5607825517654419,-8.2544584274292,-2.7571427822113037
1717728729028,-0.7098129391670227,-7.446453094482422,-2.3246850967407227
1717728729037,0.13074035942554474,-6.608588218688965,-1.260697603225708
1717728729065,0.5118789672851562,-8.799808502197266,-0.45242252945899963
1717728729094,0.13356542587280273,-10.566028594970703,0.18891623616218567
1717728729127,-2.6816329956054688,-10.666204452514648,5.50220251083374
1717728729134,-2.863757371902466,-10.258133888244629,8.80041790008545
1717728729162,-1.40716552734375,-10.340438842773438,5.500688552856445
1717728729196,-1.1886624097824097,-11.079171180725098,3.6540417671203613
1717728729202,0.05060965567827225,-11.706866264343262,3.3445487022399902
1717728729233,3.12538743019104,-11.671289443969727,3.240835428237915
1717728729258,2.924359083175659,-11.687464714050293,5.920382976531982
1717728729275,1.9199861288070679,-11.878836631774902,8.446531295776367
1717728729299,1.7788382768630981,-13.925500869750977,1.2744554281234741
1717728729330,2.5347278118133545,-15.246357917785645,-4.6744608879089355
1717728729365,-1.6380107402801514,-17.51507568359375,-6.7138495445251465
1717728729367,-4.567789077758789,-19.162368774414062,-6.425064563751221
1717728729393,-8.067769050598145,-22.409215927124023,-4.707355499267578
1717728729422,-15.36369800567627,-17.74247932434082,9.01730728149414
1717728729441,-10.718101501464844,-11.087637901306152,0.650983452796936
1717728729462,-3.465618371963501,-4.427334785461426,-7.581623077392578
1717728729488,-4.7881975173950195,-5.1808295249938965,-4.694827556610107
1717728729508,-3.004594087600708,-4.754680156707764,-0.38305580615997314
1717728729528,-0.5338839888572693,-4.824109077453613,-2.844189167022705
1717728729552,-0.5338839888572693,-4.824109077453613,-2.844189167022705
1717728729579,-0.5338839888572693,-4.824109077453613,-2.844189167022705
1717728729608,-0.36587822437286377,-3.4742980003356934,-3.915637969970703
1717728729628,-0.5701829195022583,-0.5955398082733154,-5.529758930206299
1717728729666,-2.560298442840576,-2.3067355155944824,-3.796804189682007
1717728729668,-3.719407081604004,-5.877420902252197,-3.5021722316741943
1717728729696,-8.367263793945312,-29.31326675415039,43.18733596801758
1717728729729,-3.6576313972473145,-21.129735946655273,24.89676856994629
1717728729736,-2.101907253265381,-9.408742904663086,5.507436275482178
1717728729764,-10.565445899963379,-9.01559066772461,-11.97879695892334
1717728729799,-10.663702011108398,-14.732244491577148,-18.562654495239258
1717728729832,-4.477073669433594,-11.580214500427246,8.312456130981445
1717728729833,-4.7477898597717285,-7.2375335693359375,-3.1338651180267334
1717728729860,-5.333845615386963,-6.929678916931152,-8.245001792907715
1717728729882,-4.471020698547363,-8.07612419128418,-7.575100421905518
1717728729915,-4.3548431396484375,-10.225739479064941,-4.52188777923584
1717728729930,-1.9890590906143188,-16.1099853515625,-4.649877071380615
1717728729949,-0.7117255926132202,-13.256733894348145,-4.896551609039307
1717728729991,0.24688106775283813,-10.441570281982422,-4.285129547119141
1717728730007,1.5408920049667358,-9.397624015808105,-0.8735213875770569
1717728730026,1.8085360527038574,-9.040250778198242,-0.627240002155304
1717728730048,2.0327677726745605,-9.53154468536377,-1.383907675743103
1717728730078,1.2763197422027588,-9.66922378540039,1.0226476192474365
1717728730087,0.6731827855110168,-8.813197135925293,6.372168064117432
1717728730116,-3.0826339721679688,-10.35942554473877,7.477688789367676
1717728730147,-2.176180601119995,-9.830042839050293,3.4552857875823975
1717728730163,0.6630414724349976,-10.873674392700195,-0.468421995639801
1717728730182,1.010498046875,-11.809167861938477,2.2239880561828613
1717728730214,1.5599839687347412,-11.512109756469727,5.785532474517822
1717728730249,2.9605255126953125,-12.44817066192627,5.059981346130371
1717728730250,3.731489896774292,-12.306462287902832,7.404180526733398
1717728730283,5.736427307128906,-14.998554229736328,3.001713275909424
1717728730314,4.262833595275879,-14.57618522644043,-0.6220545172691345
1717728730319,2.1145365238189697,-14.133783340454102,-4.285016059875488
1717728730350,-4.058664798736572,-17.141260147094727,-6.858859539031982
1717728730377,-7.679809093475342,-20.688020706176758,-8.47672176361084
1717728730396,-12.939176559448242,-20.315109252929688,7.501827716827393
1717728730428,-11.313885688781738,-14.900290489196777,7.227679252624512
1717728730442,-7.711941719055176,-10.011716842651367,-6.13213586807251
1717728730464,-3.8772521018981934,-6.567275047302246,-4.643667697906494
1717728730489,-3.7371883392333984,-6.353938102722168,-2.482680559158325
1717728730507,-3.1027519702911377,-5.310111045837402,-1.0653740167617798
1717728730524,-0.9791863560676575,-5.676407814025879,-3.631847858428955
1717728730553,-0.9791863560676575,-5.676407814025879,-3.631847858428955
1717728730581,-0.9791863560676575,-5.676407814025879,-3.631847858428955
1717728730610,0.036734938621520996,-0.6549232602119446,-4.964731216430664
1717728730629,-1.3326916694641113,-1.5128072500228882,-4.553916931152344
1717728730663,-1.7213363647460938,-2.7238922119140625,-4.685885429382324
1717728730667,-3.9308969974517822,-6.7442450523376465,-2.288808584213257
1717728730699,-9.351141929626465,-29.33289909362793,39.85314178466797
1717728730728,-3.1938064098358154,-19.53640365600586,19.992311477661133
1717728730746,-6.135615348815918,-5.183800220489502,-6.742589950561523
1717728730765,-9.590688705444336,-8.675822257995605,-14.411012649536133
1717728730789,-10.909509658813477,-11.931821823120117,-18.33407974243164
1717728730814,-7.424093723297119,-11.362730026245117,8.544336318969727
1717728730848,-2.771224021911621,-5.304803848266602,-8.266678810119629
1717728730862,-2.099764347076416,-5.770236015319824,-9.010984420776367
1717728730882,-1.9501373767852783,-7.318841457366943,-7.889274597167969
1717728730916,-2.9029383659362793,-11.494264602661133,-4.576443672180176
1717728730949,-2.4056215286254883,-18.602628707885742,-0.8754855394363403
1717728730951,-0.05165087804198265,-13.560937881469727,-0.08710330724716187
1717728730981,1.5084071159362793,-8.067660331726074,-3.149855852127075
1717728731017,1.3349124193191528,-7.2582197189331055,-2.9542858600616455
1717728731019,0.941007137298584,-8.098753929138184,-3.021939992904663
1717728731048,1.160984992980957,-9.496109962463379,0.3873042166233063
1717728731083,0.2965628504753113,-9.794898986816406,0.2768116891384125
1717728731098,-3.646879196166992,-8.755219459533691,7.326891899108887
1717728731116,-3.421769857406616,-9.1351900100708,6.909952163696289
1717728731148,-3.521305561065674,-10.50484561920166,3.029665946960449
1717728731182,1.1232582330703735,-10.551385879516602,1.9357800483703613
1717728731183,1.8622686862945557,-11.691629409790039,4.4935784339904785
1717728731215,2.7842674255371094,-13.625458717346191,3.6148955821990967
1717728731248,3.200479745864868,-13.050768852233887,4.7471089363098145
1717728731252,3.896287679672241,-12.317229270935059,7.902012825012207
1717728731283,4.038132190704346,-13.84209156036377,4.184316635131836
1717728731315,2.5264904499053955,-13.884050369262695,0.8391891717910767
1717728731330,0.7191868424415588,-14.96788501739502,-6.21776819229126
1717728731348,-1.1283968687057495,-16.739458084106445,-7.379979610443115
1717728731377,-5.3386077880859375,-20.23998260498047,-7.974514484405518
1717728731401,-14.146059036254883,-21.77952003479004,0.10753770917654037
1717728731428,-13.787332534790039,-14.399145126342773,11.76070499420166
1717728731450,-3.685168504714966,-5.411846160888672,-8.368104934692383
1717728731484,-0.38240787386894226,-5.9206061363220215,-4.5690765380859375
1717728731509,-2.5233800411224365,-5.489668369293213,0.38305580615997314
1717728731526,-0.6200715899467468,-5.065913200378418,-3.6821236610412598
1717728731543,3.4666550159454346,-3.993356704711914,-4.37162446975708
1717728731566,3.4666550159454346,-3.993356704711914,-4.37162446975708
1717728731602,3.4666550159454346,-3.993356704711914,-4.37162446975708
1717728731631,-0.7563095092773438,-2.436713933944702,-5.028437614440918
1717728731666,-1.9405285120010376,-5.334773063659668,-4.370574951171875
1717728731669,-5.199794769287109,-12.710249900817871,4.688397407531738
1717728731699,-6.377904891967773,-23.841135025024414,32.16386413574219
1717728731733,-0.5601691007614136,-13.575432777404785,8.053321838378906
1717728731748,-6.517512321472168,-4.093387603759766,-10.433404922485352
1717728731772,-9.628610610961914,-9.375429153442383,-20.715200424194336
1717728731793,-10.909693717956543,-12.8016939163208,-18.91196632385254
1717728731815,-8.010795593261719,-11.15052318572998,5.361376762390137
1717728731849,-3.2398626804351807,-6.092924118041992,-10.747802734375
1717728731865,-1.7719849348068237,-6.487525463104248,-6.825569152832031
1717728731882,-2.2534656524658203,-9.022940635681152,-8.112890243530273
1717728731914,-1.141026496887207,-14.183797836303711,-5.606748580932617
1717728731950,0.09283527731895447,-14.097856521606445,-1.8223634958267212
1717728731951,1.1914701461791992,-10.272175788879395,-0.11810512095689774
1717728731979,0.9949303269386292,-8.227087020874023,-1.4679886102676392
1717728732000,0.42790669202804565,-8.154454231262207,-2.0280723571777344
1717728732032,0.8125603795051575,-8.336118698120117,-1.924835443496704
1717728732065,1.5074385404586792,-9.88377571105957,0.5743333101272583
1717728732068,1.1630398035049438,-9.603241920471191,0.36904802918434143
1717728732097,-0.27380889654159546,-9.0552396774292,2.662820339202881
1717728732134,-1.6328171491622925,-9.538176536560059,4.439224720001221
1717728732146,-3.100588083267212,-10.687850952148438,3.2435827255249023
1717728732166,-2.71667218208313,-11.49415111541748,4.641652584075928
1717728732201,0.49602556228637695,-12.108250617980957,3.9621658325195312
1717728732214,5.265207290649414,-12.329986572265625,2.737278461456299
1717728732234,5.056471824645996,-11.832796096801758,4.943337440490723
1717728732266,4.061041831970215,-12.221975326538086,8.048337936401367
1717728732299,4.816629409790039,-14.288890838623047,3.351632595062256
1717728732300,3.454679250717163,-13.930590629577637,-1.2479944229125977
1717728732332,-0.5507985353469849,-15.28775691986084,-5.511636734008789
1717728732363,-2.4595718383789062,-16.523292541503906,-5.822854995727539
1717728732373,-5.383831024169922,-19.81785774230957,-6.343784332275391
1717728732398,-12.663100242614746,-21.908451080322266,0.9001318216323853
1717728732431,-10.468483924865723,-13.49150276184082,9.085269927978516
1717728732447,-3.7743141651153564,-6.900990962982178,-7.614933967590332
1717728732467,-4.866971492767334,-6.944230556488037,-4.642477989196777
1717728732494,-3.289491653442383,-4.857626438140869,-0.5985246896743774
1717728732511,-2.2552409172058105,-5.398692607879639,-0.7900525331497192
1717728732527,1.7381157875061035,-6.064251899719238,-4.771439075469971
1717728732553,1.7381157875061035,-6.064251899719238,-4.771439075469971
1717728732579,-0.7876585125923157,-1.8290915489196777,-4.654128074645996
1717728732595,-0.8451168537139893,-1.8338795900344849,-5.231105804443359
1717728732611,-1.25929594039917,-1.7740271091461182,-5.427422046661377
1717728732630,-1.8123327493667603,-2.7268784046173096,-4.366836071014404
1717728732651,-2.959105968475342,-6.559830665588379,-3.2320332527160645
1717728732677,-5.592614650726318,-19.85665512084961,14.345439910888672
1717728732696,-6.844728469848633,-27.35497283935547,40.15382385253906
1717728732707,0.6799240708351135,-12.200326919555664,14.888899803161621
1717728732726,-2.1331419944763184,-4.251919269561768,1.9871020317077637
1717728732745,-4.666098594665527,-3.172180652618408,-7.251725196838379
1717728732765,-6.957251071929932,-9.597942352294922,-18.59256935119629
1717728732797,-11.534768104553223,-16.196077346801758,-15.640646934509277
1717728732806,-9.925932884216309,-18.20472526550293,11.22353458404541
1717728732831,-3.6270594596862793,-8.3554048538208,-2.734060764312744
1717728732844,-2.121171474456787,-4.749892234802246,-5.571067810058594
1717728732866,-2.188206195831299,-4.745103359222412,-6.119316577911377
1717728732898,-1.8745794296264648,-6.179169178009033,-7.187084674835205
1717728732902,-1.5058881044387817,-11.659260749816895,-5.09224796295166
1717728732933,0.14604003727436066,-16.516887664794922,-3.8449225425720215
1717728732965,0.8786342740058899,-11.948946952819824,-3.7347939014434814
1717728732972,0.629647970199585,-10.701621055603027,-2.2552409172058105
1717728733000,0.6703476309776306,-9.650611877441406,-0.9983391761779785
1717728733010,1.4268828630447388,-8.420044898986816,-0.4907902479171753
1717728733033,2.2887585163116455,-7.378612518310547,-0.5099430084228516
1717728733066,1.1611378192901611,-10.838085174560547,-0.32320335507392883
1717728733096,1.1395909786224365,-10.304201126098633,0.14604003727436066
1717728733109,-2.1953885555267334,-10.62740421295166,7.211025714874268
1717728733128,-2.767578363418579,-10.095913887023926,10.684863090515137
1717728733143,-0.2154688835144043,-10.866813659667969,2.5090155601501465
1717728733162,0.3926321864128113,-11.084676742553711,0.6631653904914856
1717728733182,-0.17237511277198792,-11.56828498840332,5.413057327270508
1717728733214,2.9638943672180176,-12.47085952758789,3.5432662963867188
1717728733221,4.910296440124512,-11.834030151367188,1.9392199516296387
1717728733248,4.582304954528809,-11.340846061706543,6.6292595863342285
1717728733281,4.749892234802246,-12.614505767822266,6.622076988220215
1717728733290,2.561685800552368,-14.412473678588867,0.9480631351470947
1717728733313,1.704598307609558,-15.166616439819336,-3.931110143661499
1717728733330,-0.47881975769996643,-16.18410873413086,-6.748964309692383
1717728733345,-2.3701577186584473,-17.555925369262695,-6.337179660797119
1717728733365,-6.6723527908325195,-21.64504623413086,-6.823181629180908
1717728733395,-10.907513618469238,-22.758302688598633,-8.05374813079834
1717728733412,-11.999222755432129,-14.637519836425781,13.806767463684082
1717728733425,-8.036989212036133,-9.684128761291504,-1.235355019569397
1717728733447,-3.1027519702911377,-6.8950042724609375,-8.781554222106934
1717728733470,-2.358187198638916,-6.590953826904297,-2.767578363418579
1717728733503,-1.6872299909591675,-5.926074028015137,-1.93434476852417
1717728733530,1.3071779012680054,-6.6436238288879395,-4.34528923034668
1717728733548,1.3071779012680054,-6.6436238288879395,-4.34528923034668
1717728733579,-0.37558650970458984,-1.617769479751587,-4.571593761444092
1717728733596,-0.66860431432724,-0.6523041725158691,-5.107535362243652
1717728733616,-1.1815502643585205,-0.6195980906486511,-4.986591339111328
1717728733645,-2.30495023727417,-3.3392412662506104,-4.966196537017822
1717728733666,-3.1109001636505127,-9.188986778259277,-0.08011927455663681
1717728733698,-5.423839092254639,-23.42920684814453,27.474918365478516
1717728733714,-1.6227449178695679,-16.467514038085938,15.83685302734375
1717728733733,-0.6186830997467041,-7.019600868225098,-0.580700695514679
1717728733763,-5.706775188446045,-8.45681095123291,-21.0681209564209
1717728733782,-10.32988166809082,-14.003338813781738,-18.65751838684082
1717728733816,-14.133758544921875,-19.334726333618164,4.227269649505615
1717728733832,-2.4933459758758545,-6.109643936157227,-7.779813289642334
1717728733852,-1.4431700706481934,-3.6147615909576416,-5.272359371185303
1717728733882,-2.305753469467163,-8.204350471496582,-3.0582611560821533
1717728733901,-1.7344932556152344,-14.69627857208252,-3.0688977241516113
1717728733918,-0.7302281260490417,-16.41649627685547,-3.8373165130615234
1717728733953,-0.31047433614730835,-10.101482391357422,-2.468193292617798
1717728733968,0.35780173540115356,-8.363001823425293,-3.3043694496154785
1717728733998,-0.03205081447958946,-7.003163814544678,-3.849559783935547
1717728734017,0.46576201915740967,-7.381723880767822,-1.417909860610962
1717728734036,1.1055841445922852,-8.68228530883789,-0.4724843204021454
1717728734071,0.25998735427856445,-10.915925025939941,-2.618438243865967
1717728734099,-0.05648817494511604,-11.840764999389648,-1.1330870389938354
1717728734114,-0.1679995357990265,-10.907869338989258,11.570709228515625
1717728734133,0.9558225870132446,-10.733170509338379,11.417147636413574
1717728734167,0.9962084889411926,-11.071636199951172,3.4040818214416504
1717728734182,0.5722200274467468,-12.281837463378906,1.573380470275879
1717728734200,2.636727809906006,-11.893988609313965,3.473580837249756
1717728734236,4.092573165893555,-11.662127494812012,5.165585041046143
1717728734250,3.7866485118865967,-11.720305442810059,7.042629241943359
1717728734269,3.5451228618621826,-11.240167617797852,6.523782730102539
1717728734310,1.2242647409439087,-13.173274993896484,2.093768358230591
1717728734328,2.473539352416992,-14.986858367919922,-4.318393230438232
1717728734346,0.8906877636909485,-17.503236770629883,-6.917121887207031
1717728734366,-2.9426374435424805,-20.01011848449707,-6.497748851776123
1717728734395,-9.005115509033203,-24.952533721923828,-8.059212684631348
1717728734413,-13.635074615478516,-14.924654960632324,8.570903778076172
1717728734434,-8.615628242492676,-9.200785636901855,-3.62558913230896
1717728734469,-3.413984775543213,-5.456151008605957,-8.824604988098145
1717728734494,-2.8370070457458496,-5.482485771179199,-2.2552409172058105
1717728734511,-1.1324087381362915,-5.195194721221924,-2.9016478061676025
1717728734539,4.194460868835449,-7.17032527923584,-4.960572719573975
1717728734568,4.194460868835449,-7.17032527923584,-4.960572719573975
1717728734598,2.484001398086548,-3.9342362880706787,-4.818556308746338
1717728734618,0.00947048980742693,0.43818235397338867,-4.489570617675781
1717728734649,-1.4314967393875122,-3.399183750152588,-4.958019256591797
1717728734667,-4.005598068237305,-9.828956604003906,2.3436083793640137
1717728734685,-7.5469818115234375,-24.95476531982422,32.98463821411133
1717728734719,-0.3859281837940216,-15.30379581451416,12.475068092346191
1717728734736,-1.2578309774398804,-7.21071720123291,0.018804609775543213
1717728734764,-9.60162353515625,-8.078174591064453,-14.045226097106934
1717728734783,-11.735322952270508,-12.910767555236816,-18.44182586669922
1717728734821,-13.679824829101562,-14.834358215332031,1.21180260181427
1717728734832,-2.1342084407806396,-7.3561553955078125,-9.415743827819824
1717728734851,-2.4217185974121094,-4.247228622436523,-7.291120529174805
1717728734886,-1.4846737384796143,-5.752967357635498,-6.119621276855469
1717728734900,-1.3091398477554321,-11.166693687438965,-4.885679244995117
1717728734919,0.6497891545295715,-18.281051635742188,-4.724493026733398
1717728734950,1.2728122472763062,-12.602448463439941,-5.398359775543213
1717728734970,0.6845382452011108,-9.82706069946289,-4.657772064208984
1717728734997,0.14741766452789307,-8.758757591247559,-2.4553704261779785
1717728735015,1.6187762022018433,-8.160011291503906,-2.6108553409576416
1717728735037,3.1076767444610596,-8.124105453491211,-2.228379726409912
1717728735066,2.17051100730896,-11.454641342163086,2.4899747371673584
1717728735103,0.011083693243563175,-11.278223037719727,3.6351206302642822
1717728735116,0.5320668816566467,-9.58149242401123,9.002974510192871
1717728735134,0.8942421674728394,-10.567078590393066,3.4851443767547607
1717728735166,0.9119648337364197,-11.419939994812012,-0.2785295844078064
1717728735182,1.6394561529159546,-11.392717361450195,0.7035239934921265
1717728735203,1.8523190021514893,-11.02065372467041,8.101737976074219
1717728735229,4.133267879486084,-13.380151748657227,5.535383701324463
1717728735249,3.9512431621551514,-13.292389869689941,5.808099269866943
1717728735280,3.8740234375,-10.856810569763184,6.275957107543945
1717728735305,3.2069053649902344,-14.341839790344238,-0.0031629642471671104
1717728735331,1.419460654258728,-15.750490188598633,-5.076105117797852
1717728735345,-0.024090640246868134,-16.066394805908203,-4.08949089050293
1717728735367,-2.743891716003418,-18.83536148071289,-4.947321891784668
1717728735396,-7.839313507080078,-23.58540916442871,-7.183061122894287
1717728735415,-11.756869316101074,-15.538832664489746,7.965320587158203
1717728735441,-7.715028285980225,-9.687676429748535,-1.427567481994629
1717728735465,-4.505198955535889,-7.903480052947998,-5.096761703491211
1717728735482,-3.933504343032837,-7.002738952636719,-3.315826654434204
1717728735506,-2.784336805343628,-5.65964937210083,-1.6998101472854614
1717728735532,1.1898671388626099,-6.464066505432129,-4.405141353607178
1717728735565,1.1898671388626099,-6.464066505432129,-4.405141353607178
1717728735579,1.1898671388626099,-6.464066505432129,-4.405141353607178
1717728735599,0.7871498465538025,-4.150839328765869,-4.54017972946167
1717728735619,-0.16646060347557068,0.32202696800231934,-4.284724712371826
1717728735650,-2.184176445007324,-2.899942636489868,-5.339892864227295
1717728735668,-4.247352123260498,-8.202773094177246,-2.8154780864715576
1717728735697,-7.541196823120117,-30.810976028442383,38.71168518066406
1717728735717,-1.2810605764389038,-16.880657196044922,15.452141761779785
1717728735750,-1.6819367408752441,-6.262807369232178,1.3685027360916138
1717728735766,-9.428964614868164,-9.287939071655273,-11.548441886901855
1717728735785,-11.825380325317383,-13.225543022155762,-15.220579147338867
1717728735821,-7.450638771057129,-13.0706787109375,8.237041473388672
1717728735833,-2.8816301822662354,-7.344616413116455,-7.201930999755859
1717728735853,-2.3236680030822754,-5.780369281768799,-8.11511516571045
1717728735882,-2.0078113079071045,-6.290449619293213,-6.301915645599365
1717728735902,-1.7159103155136108,-10.324686050415039,-5.232364654541016
1717728735935,0.9793142676353455,-16.81777000427246,-3.425354480743408
1717728735949,1.1451239585876465,-13.098906517028809,-4.1207499504089355
1717728735969,0.9754658937454224,-10.262537956237793,-3.3629987239837646
1717728736004,1.9213296175003052,-8.683804512023926,-1.2989311218261719
1717728736033,2.651911735534668,-7.684217929840088,-0.4670708179473877
1717728736049,3.1860764026641846,-8.887521743774414,-0.11011940985918045
1717728736074,2.528604507446289,-9.860203742980957,-0.16387121379375458
1717728736096,1.7868717908859253,-10.22891902923584,-0.17378045618534088
1717728736114,-2.8026275634765625,-11.919759750366211,10.979626655578613
1717728736134,-0.7579302191734314,-10.874378204345703,9.711623191833496
1717728736164,1.4231160879135132,-11.778672218322754,-0.4147122800350189
1717728736183,0.7942653894424438,-12.615674018859863,0.37813347578048706
1717728736218,1.8806393146514893,-12.464377403259277,4.114756107330322
1717728736233,4.929274082183838,-11.62489128112793,4.1439971923828125
1717728736253,4.6355767250061035,-11.635334968566895,7.33063268661499
1717728736282,4.094805717468262,-10.763823509216309,5.280172824859619
1717728736300,2.4442033767700195,-12.440807342529297,3.3964877128601074
1717728736335,2.627333164215088,-14.21456241607666,-2.3711602687835693
1717728736351,0.24242907762527466,-16.757848739624023,-7.294255256652832
1717728736368,-1.5046981573104858,-18.294883728027344,-5.475400447845459
1717728736399,-11.279275894165039,-25.4620304107666,-6.129024505615234
1717728736433,-13.575812339782715,-19.22258949279785,3.9791297912597656
1717728736441,-9.392205238342285,-11.045267105102539,4.351504325866699
1717728736476,-3.349344253540039,-6.976403713226318,-6.971615314483643
1717728736497,-2.6526615619659424,-5.456151008605957,-3.933504343032837
1717728736514,-3.0764169692993164,-4.893537998199463,-1.2521135807037354
1717728736550,-3.0764169692993164,-4.893537998199463,-1.2521135807037354
1717728736581,-3.0764169692993164,-4.893537998199463,-1.2521135807037354
1717728736601,-0.755514919757843,0.08795337378978729,-4.857037544250488
1717728736637,-1.1335830688476562,-0.34615957736968994,-4.556361675262451
1717728736649,-1.5446077585220337,-2.1716251373291016,-4.700799942016602
1717728736673,-2.630749464035034,-6.169260501861572,-2.6715967655181885
1717728736698,-4.841783046722412,-32.0582389831543,42.27081298828125
1717728736717,-1.4501477479934692,-20.933298110961914,21.988374710083008
1717728736748,-5.951508045196533,-7.4406328201293945,-4.8554558753967285
1717728736767,-10.902034759521484,-15.015702247619629,-11.494129180908203
1717728736786,-9.535472869873047,-15.440166473388672,-13.218323707580566
1717728736820,-6.411923885345459,-4.82716703414917,3.8654098510742188
1717728736834,-5.411782264709473,-4.409117698669434,-3.8339288234710693
1717728736864,-2.919893503189087,-6.786563873291016,-8.104969024658203
1717728736884,-1.8853319883346558,-7.858738422393799,-6.525423049926758
1717728736921,-2.1875052452087402,-10.678635597229004,-5.016732692718506
1717728736931,0.5245264768600464,-17.586402893066406,-2.4385223388671875
1717728736954,1.4123553037643433,-14.384537696838379,-2.674915313720703
1717728736982,1.9596651792526245,-9.489953994750977,-1.7280527353286743
1717728736999,2.1045022010803223,-9.458938598632812,1.1745359897613525
1717728737018,2.3511219024658203,-8.635381698608398,0.3835376501083374
1717728737053,3.3891632556915283,-8.658909797668457,-1.1104834079742432
1717728737067,2.7726054191589355,-9.806757926940918,2.3915271759033203
1717728737099,0.49544045329093933,-9.363718032836914,6.175437927246094
1717728737119,0.05885893478989601,-9.156159400939941,5.294389247894287
1717728737153,-0.3820075988769531,-9.229754447937012,2.1311023235321045
1717728737166,-0.7559539675712585,-9.80574893951416,-0.9081366658210754
1717728737186,-1.1167676448822021,-10.584957122802734,-0.9077785015106201
1717728737222,0.07238167524337769,-11.969165802001953,2.3608109951019287
1717728737233,2.892502546310425,-11.22404956817627,6.959201335906982
1717728737252,3.855073928833008,-11.600605010986328,6.509254455566406
1717728737286,2.3824567794799805,-13.288522720336914,4.070577144622803
1717728737301,1.1766750812530518,-11.464963912963867,6.044677257537842
1717728737329,1.4437618255615234,-13.26025676727295,4.7747673988342285
1717728737354,3.0518007278442383,-13.316984176635742,-0.6821886301040649
1717728737369,4.475674629211426,-12.93294620513916,-5.567723274230957
1717728737397,1.452379584312439,-15.247203826904297,-3.5743136405944824
1717728737420,-1.6347898244857788,-19.34858512878418,-4.577507019042969
1717728737454,-11.903486251831055,-23.070228576660156,-3.3143413066864014
1717728737465,-8.641522407531738,-12.854500770568848,8.574645042419434
1717728737500,-5.240682125091553,-8.020231246948242,-4.292619228363037
1717728737519,-3.490596055984497,-7.809549808502197,-5.611767292022705
1717728737563,-2.2552409172058105,-6.255780220031738,-3.179363250732422
1717728737585,-2.2552409172058105,-6.255780220031738,-3.179363250732422
1717728737602,-1.9853403568267822,-5.694363117218018,-3.159848690032959
1717728737632,-0.8904308676719666,-0.43393927812576294,-5.1726837158203125
1717728737652,-0.709364116191864,-0.016048334538936615,-5.683721542358398
1717728737686,-1.1058344841003418,-1.8286362886428833,-4.380728721618652
1717728737699,-2.522749185562134,-5.699034690856934,-5.92117977142334
1717728737720,-5.487933158874512,-15.497676849365234,6.70843505859375
1717728737754,-0.4087371230125427,-22.707996368408203,27.02027702331543
1717728737767,0.8523926138877869,-10.98311996459961,6.182116508483887
1717728737796,-8.672874450683594,-6.6274027824401855,-6.790188312530518
1717728737816,-11.50329875946045,-12.119356155395508,-12.582823753356934
1717728737834,-10.342292785644531,-13.399654388427734,-13.736456871032715
1717728737865,-5.158624649047852,-10.458658218383789,11.092547416687012
1717728737884,-2.0893561840057373,-7.309245586395264,-4.35274076461792
1717728737913,-2.1670806407928467,-7.690196990966797,-7.709954738616943
1717728737937,-2.1945433616638184,-7.786090850830078,-5.392577171325684
1717728737952,-1.8157521486282349,-10.796941757202148,-2.670551300048828
1717728737981,3.710981845855713,-15.395644187927246,-4.893155097961426
1717728738000,3.4174485206604004,-12.924677848815918,-5.453368186950684
1717728738030,2.488939046859741,-10.718900680541992,-2.8386969566345215
1717728738050,3.4584038257598877,-9.03283977508545,-0.9269531965255737
1717728738067,4.947629928588867,-6.304609298706055,-1.3513505458831787
1717728738100,3.2507567405700684,-8.53021240234375,1.4367976188659668
1717728738120,2.0380804538726807,-9.780232429504395,2.3797428607940674
1717728738153,0.25965917110443115,-10.045960426330566,3.579611301422119
1717728738166,-2.615502119064331,-9.71438217163086,7.478256702423096
1717728738186,-2.755441427230835,-10.694195747375488,0.4581475853919983
1717728738221,-0.9097567200660706,-12.816662788391113,0.23331071436405182
1717728738234,0.04721659794449806,-13.249184608459473,1.2662280797958374
1717728738254,2.0219151973724365,-13.041337013244629,5.935466289520264
1717728738286,5.697206974029541,-13.604134559631348,2.9811947345733643
1717728738302,5.893909454345703,-12.055818557739258,3.873591899871826
1717728738332,3.1060774326324463,-8.721014976501465,6.982302665710449
1717728738351,1.0578961372375488,-11.28143310546875,5.052938461303711
1717728738370,-0.2175820767879486,-13.78183364868164,0.863524317741394
1717728738403,1.5218931436538696,-17.24774742126465,-7.237337112426758
1717728738417,0.3303816318511963,-16.66556167602539,-6.626626491546631
1717728738454,-8.883951187133789,-26.886247634887695,-2.0848302841186523
1717728738493,-10.845927238464355,-13.477147102355957,-0.49438780546188354
1717728738529,-3.239215612411499,-6.344361305236816,-3.351738214492798
1717728738551,-1.675869107246399,-6.636441707611084,-0.7637174725532532
1717728738572,-1.5753170251846313,-6.6771416664123535,-1.704598307609558
1717728738602,-1.5753170251846313,-6.6771416664123535,-1.704598307609558
1717728738635,-1.5753170251846313,-6.6771416664123535,-1.704598307609558
1717728738652,-0.9408446550369263,-1.5381324291229248,-4.601125240325928
1717728738681,-1.140653133392334,1.7743644714355469,-5.089541912078857
1717728738700,-1.1805833578109741,1.3293925523757935,-4.547798156738281
1717728738719,-0.654884397983551,-1.1654157638549805,0.7336196303367615
1717728738755,1.626469373703003,-10.981369018554688,11.991859436035156
1717728738769,0.8073319792747498,-15.395833969116211,19.484766006469727
1717728738797,-2.668945789337158,-15.495099067687988,13.420398712158203
1717728738823,-1.9452277421951294,-12.208474159240723,8.330333709716797
1717728738837,-6.4236249923706055,-12.688197135925293,-0.5173154473304749
1717728738866,-8.151838302612305,-19.763877868652344,-1.4404226541519165
1717728738893,-10.234869003295898,-13.713483810424805,3.4341630935668945
1717728738916,-7.679865837097168,-1.4035885334014893,-6.0283942222595215
1717728738932,-5.131955623626709,-1.625615119934082,-5.659914016723633
1717728738951,-4.265773773193359,-6.021612167358398,-9.992509841918945
1717728738981,-3.688697099685669,-12.074748039245605,-5.266110897064209
1717728739003,-3.17496395111084,-14.175150871276855,-3.0599701404571533
1717728739041,3.3547823429107666,-11.646080017089844,0.6949053406715393
1717728739074,2.7853620052337646,-8.830622673034668,-1.0408128499984741
1717728739106,1.0516971349716187,-9.76539134979248,-4.85536527633667
1717728739120,0.8802735209465027,-9.777080535888672,-0.9144572615623474
1717728739148,-1.6178611516952515,-10.095884323120117,1.0969479084014893
1717728739169,-1.1710010766983032,-8.964881896972656,0.07072509825229645
1717728739186,0.023762812837958336,-7.20306921005249,-0.23244671523571014
1717728739217,-0.8855952024459839,-9.717608451843262,2.8319129943847656
1717728739236,-1.981386661529541,-10.815766334533691,3.6729722023010254
1717728739273,-4.204308032989502,-10.858799934387207,0.6061388254165649
1717728739302,-1.8973071575164795,-9.045238494873047,1.3288379907608032
1717728739342,-0.8163669109344482,-14.165225982666016,3.738173007965088
1717728739374,1.1240546703338623,-13.490469932556152,-0.41683727502822876
1717728739384,-0.2991531789302826,-14.432738304138184,3.060366630554199
1717728739418,0.18837393820285797,-12.117568016052246,6.351263523101807
1717728739436,-4.501290321350098,-13.169547080993652,2.9287304878234863
1717728739468,-8.453044891357422,-15.475504875183105,-1.6866552829742432
1717728739490,-10.598674774169922,-17.158506393432617,-7.919678688049316
1717728739510,-7.031467914581299,-9.645824432373047,-9.042510986328125
1717728739527,-11.56589126586914,-6.181562900543213,-7.390583038330078
1717728739562,-11.56589126586914,-6.181562900543213,-7.390583038330078
1717728739582,-11.56589126586914,-6.181562900543213,-7.390583038330078
1717728739613,-3.1271722316741943,-4.988911151885986,0.4530127942562103
1717728739635,-2.3237063884735107,-3.725255250930786,-0.18026527762413025
1717728739651,-2.3414413928985596,-4.384352207183838,-5.97645378112793
1717728739681,2.7537200450897217,-0.530742347240448,3.693436861038208
1717728739704,1.7084120512008667,-3.934464693069458,-0.3718196749687195
1717728739738,-5.673153877258301,-9.593847274780273,-1.8654128313064575
1717728739749,-4.4600090980529785,-7.344240188598633,-1.3423864841461182
1717728739769,-4.0142436027526855,-6.034145355224609,0.045621585100889206
1717728739808,-5.574836254119873,-3.9225881099700928,3.364558219909668
1717728739818,-5.924213886260986,-3.853196859359741,5.739367485046387
1717728739847,-11.142622947692871,-12.542305946350098,12.183815956115723
1717728739880,-9.086610794067383,-20.402009963989258,7.641584873199463
1717728739899,1.8470853567123413,-15.00473690032959,2.0523300170898438
1717728739936,-5.7571282386779785,-12.725071907043457,1.9694842100143433
1717728739963,-8.289535522460938,-4.506736755371094,-8.943611145019531
1717728739990,-7.4561767578125,-3.372699737548828,-8.420016288757324
1717728740021,-4.6006693840026855,-5.523072719573975,0.9710342884063721
1717728740032,-2.035125732421875,-8.206732749938965,-0.40629035234451294
1717728740056,1.8670642375946045,-9.64232063293457,-4.569777965545654
1717728740091,0.17171090841293335,-12.470627784729004,-3.5481717586517334
1717728740101,-1.4202579259872437,-12.616229057312012,-1.2593011856079102
1717728740120,-1.9990333318710327,-11.793716430664062,-0.2546239495277405
1717728740156,-0.9566563367843628,-12.891461372375488,1.9439470767974854
1717728740191,-2.8958122730255127,-13.64324951171875,1.6890686750411987
1717728740197,-3.7559494972229004,-12.806832313537598,-0.40318813920021057
1717728740219,-3.4583654403686523,-11.80383586883545,0.8886362910270691
1717728740237,-2.501816749572754,-10.485149383544922,1.691041350364685
1717728740273,-0.0730997696518898,-8.437427520751953,-1.6107748746871948
1717728740285,0.6625815033912659,-6.995895862579346,-2.6965157985687256
1717728740314,-0.15890246629714966,-6.277698040008545,-0.8724222183227539
1717728740342,0.6195099949836731,-7.906527519226074,3.753469467163086
1717728740353,3.0976955890655518,-11.123146057128906,9.163875579833984
1717728740382,4.854648113250732,-11.967852592468262,8.134320259094238
1717728740402,0.32525840401649475,-12.044129371643066,5.252922534942627
1717728740431,1.2572067975997925,-10.441648483276367,0.9284098744392395
1717728740454,2.935487747192383,-11.073357582092285,-1.1857537031173706
1717728740478,5.608545303344727,-12.336601257324219,1.4273905754089355
1717728740500,-0.6511948704719543,-12.85870361328125,8.156694412231445
1717728740519,-1.5417996644973755,-11.9537353515625,-1.4723707437515259
1717728740636,-4.91223669052124,-8.819446563720703,4.176883220672607
1717728740664,-2.2214159965515137,-8.26272964477539,11.089987754821777
1717728740692,-3.1460883617401123,-7.291415214538574,10.566888809204102
1717728740703,-6.828588962554932,-5.5368804931640625,10.257134437561035
1717728740732,-10.423413276672363,-6.415203094482422,11.062623977661133
1717728740762,-6.863827228546143,-8.642074584960938,12.207893371582031
1717728740788,0.514838457107544,-7.472175598144531,14.969989776611328
1717728740799,-2.020594835281372,-7.590439796447754,14.267072677612305
1717728740824,-5.24263334274292,-8.1553316116333,11.624626159667969
1717728740855,-4.29304838180542,-7.3416218757629395,6.331270217895508
1717728740867,-2.1298975944519043,-6.877573490142822,5.614834308624268
1717728740896,0.16500736773014069,-3.9144039154052734,5.86014461517334
1717728740917,-0.8521314859390259,-2.7870333194732666,5.25922155380249
1717728740937,-1.6195887327194214,-1.914634108543396,4.395312309265137
1717728740975,-1.230909824371338,0.3843148350715637,5.150328159332275
1717728740984,-0.10680199414491653,0.9025046825408936,5.59589958190918
1717728741014,-1.750686764717102,1.4708058834075928,9.288919448852539
1717728741042,-2.544891357421875,1.0476419925689697,10.121660232543945
1717728741074,-3.3870842456817627,1.2140545845031738,7.365816593170166
1717728741082,-3.71140456199646,-0.004828338511288166,6.6302642822265625
1717728741106,-3.0054855346679688,0.49147161841392517,7.11420202255249
1717728741143,-2.130471706390381,3.0812501907348633,8.627960205078125
1717728741148,-2.080007553100586,3.1121530532836914,8.497557640075684
1717728741170,-2.367324113845825,4.788553714752197,5.8690314292907715
1717728741199,-3.111422061920166,4.578423500061035,1.711586594581604
1717728741222,-1.9365596771240234,5.079289436340332,1.518487811088562
1717728741256,1.4966994524002075,6.492669582366943,4.465428829193115
1717728741266,2.167869806289673,6.712521076202393,7.557596206665039
1717728741290,1.5659458637237549,6.019735813140869,10.170368194580078
1717728741324,0.40802979469299316,5.803417682647705,7.841546535491943
1717728741334,0.37999626994132996,6.540865421295166,6.035682678222656
1717728741370,0.9853491187095642,7.277315616607666,5.339474678039551
1717728741402,1.803149938583374,8.347765922546387,5.597308158874512
1717728741434,0.8760634064674377,8.217462539672852,6.853581428527832
1717728741452,0.6679117679595947,8.053915023803711,7.5957722663879395
1717728741484,1.4532179832458496,8.192605972290039,4.266283988952637
1717728741504,1.9080967903137207,8.01304817199707,2.4635274410247803
1717728741525,2.025407552719116,8.099235534667969,2.0661072731018066
1717728741618,2.159294366836548,4.803342819213867,8.503265380859375
1717728741641,2.2179434299468994,4.7024760246276855,8.822511672973633
1717728741672,0.10842213034629822,5.411643028259277,8.044053077697754
1717728741684,0.5610905289649963,5.239927768707275,7.129918575286865
1717728741715,2.367023468017578,5.173886775970459,7.484451770782471
1717728741736,4.308613300323486,6.107481479644775,9.60416030883789
1717728741752,3.8076767921447754,6.435032844543457,9.890707015991211
1717728741779,3.530425786972046,5.796892166137695,6.71180534362793
1717728741802,3.7788333892822266,5.553993225097656,5.39825439453125
1717728741819,4.23536491394043,5.62519645690918,5.076474189758301
1717728741848,4.3848958015441895,6.242716312408447,6.523240089416504
1717728741879,5.191906929016113,6.663084983825684,3.674238681793213
1717728741896,4.296015739440918,6.537587642669678,7.869809627532959
