1717728598940,0.5381290316581726,6.128293514251709,6.157257080078125
1717728598970,0.08208252489566803,5.753297805786133,4.521981716156006
1717728598997,0.5553869605064392,5.798076629638672,5.5562944412231445
1717728599017,0.8279953598976135,5.1455864906311035,6.586939811706543
1717728599037,0.7439460158348083,5.263527870178223,6.300993919372559
1717728599065,0.9388890862464905,5.486531734466553,6.150777816772461
1717728599087,1.656593680381775,5.625583171844482,6.459384441375732
1717728599116,2.043330669403076,5.680087089538574,6.77071475982666
1717728599135,1.781652569770813,5.6353440284729,6.601286888122559
1717728599153,2.297301769256592,5.828247547149658,6.232361316680908
1717728599182,2.796170473098755,6.003650188446045,6.532618522644043
1717728599205,3.948141574859619,6.098948001861572,7.8722662925720215
1717728599233,4.427966594696045,6.529409408569336,7.461940288543701
1717728599251,3.7062129974365234,4.378317832946777,7.0511250495910645
1717728599272,4.53110933303833,5.664144992828369,6.902260780334473
1717728599297,5.9006853103637695,6.260419845581055,7.591735363006592
1717728599318,7.802891254425049,5.979342937469482,6.843938827514648
1717728599338,7.834666728973389,6.232385158538818,5.8505706787109375
1717728599367,4.865965843200684,5.154220104217529,3.261415481567383
1717728599388,4.763664245605469,6.200567245483398,1.7663086652755737
1717728599415,6.61564302444458,6.71317195892334,2.8494791984558105
1717728599436,4.420934200286865,5.290876388549805,4.930261611938477
1717728599456,4.660487651824951,4.633558750152588,5.572686195373535
1717728599485,1.9287158250808716,1.7007646560668945,1.895597219467163
1717728599505,2.6843106746673584,-0.8509292602539062,2.6297781467437744
1717728599532,3.8394484519958496,-1.5786586999893188,4.046604156494141
1717728599552,7.293453693389893,1.0063352584838867,5.55925989151001
1717728599573,8.215813636779785,2.476558208465576,6.673086643218994
1717728599601,8.621377944946289,0.3506596088409424,4.280462265014648
1717728599620,8.354568481445312,-0.4505593180656433,3.6773834228515625
1717728599652,9.179433822631836,0.545028567314148,4.095927715301514
1717728599669,12.082205772399902,3.97356915473938,5.422115802764893
1717728599689,11.681670188903809,4.263912677764893,4.631707668304443
1717728599719,11.631967544555664,3.791031837463379,3.4746758937835693
1717728599754,11.605131149291992,3.074049472808838,2.69612717628479
1717728599756,10.902929306030273,2.517146348953247,1.4636304378509521
1717728599786,10.49639892578125,3.0465850830078125,1.4696805477142334
1717728599822,10.479625701904297,2.063850164413452,1.35508131980896
1717728599825,9.498449325561523,-0.21980510652065277,1.2829854488372803
1717728599854,9.295881271362305,-1.2912598848342896,0.23530280590057373
1717728599885,10.963907241821289,-1.10804283618927,-1.297250509262085
1717728599903,14.882259368896484,-2.3375437259674072,-2.2650339603424072
1717728599921,14.692949295043945,-4.1643452644348145,-1.123734474182129
1717728599954,13.804096221923828,-4.527871131896973,-0.4138527810573578
1717728599985,13.368307113647461,-4.836785793304443,0.6898958086967468
1717728599990,12.978462219238281,-6.401940822601318,0.8643403649330139
1717728600024,16.291841506958008,-8.221335411071777,-1.156349778175354
1717728600050,13.256125450134277,-7.376217842102051,-1.280842900276184
1717728600071,12.130898475646973,-7.788002967834473,-1.534617304801941
1717728600094,10.349688529968262,-8.479898452758789,-2.451556921005249
1717728600111,10.349688529968262,-8.479898452758789,-2.451556921005249
1717728600128,8.075295448303223,-6.993162631988525,-1.5274349451065063
1717728600148,7.663509845733643,-7.36185359954834,-3.2176687717437744
1717728600167,7.323547840118408,-7.199055194854736,-3.6414241790771484
1717728600183,6.8303632736206055,-5.934970855712891,-4.266283988952637
1717728600204,8.83901309967041,-2.216935396194458,-1.8195149898529053
1717728600236,11.364787101745605,-1.039038896560669,-5.8104777336120605
1717728600242,8.417651176452637,1.4029418230056763,-0.10055214911699295
1717728600269,8.819860458374023,0.7613233923912048,1.9392199516296387
1717728600281,7.591687202453613,-1.321542501449585,-1.659110426902771
1717728600307,6.827969551086426,-1.1874730587005615,-1.5130703449249268
1717728600320,5.772171974182129,-0.3112328350543976,-0.05745837092399597
1717728600338,5.1018242835998535,1.2305667400360107,0.6176775097846985
1717728600372,5.46572732925415,2.173841714859009,0.8187817335128784
1717728600377,7.206236839294434,1.721356987953186,-0.9193339347839355
1717728600403,9.183762550354004,1.3023897409439087,-4.14897346496582
1717728600416,6.339573383331299,-1.7069923877716064,-2.499439001083374
1717728600437,4.570334434509277,-4.137002944946289,-0.2657449543476105
1717728600454,4.8073506355285645,-6.6723527908325195,-1.1419851779937744
1717728600473,6.9189453125,-4.374018669128418,-1.4316710233688354
1717728600510,9.167003631591797,-1.1348026990890503,-2.719696283340454
1717728600514,10.62979793548584,-4.225584506988525,-6.373091220855713
1717728600534,13.019108772277832,-7.105685234069824,-9.686524391174316
1717728600551,12.932921409606934,-7.522258281707764,-3.58396577835083
1717728600570,14.309528350830078,-1.4939175844192505,3.947868824005127
1717728600599,12.422978401184082,-5.865541934967041,0.5243076086044312
1717728600616,12.102169036865234,-4.7403154373168945,0.35432663559913635
1717728600630,13.344705581665039,-6.341967582702637,-2.250452756881714
1717728600650,14.714131355285645,-3.255974292755127,-1.1970493793487549
1717728600688,10.757489204406738,-1.1290425062179565,4.744096279144287
1717728600718,10.055214881896973,-1.3861831426620483,4.845655918121338
1717728600734,8.832775115966797,-4.290740013122559,-1.222763180732727
1717728600754,8.696603775024414,-5.8278632164001465,-4.221435070037842
1717728600786,9.524235725402832,-3.141150712966919,-3.2202653884887695
1717728600802,7.0435590744018555,-2.4516406059265137,-1.0751211643218994
1717728600822,5.12477445602417,-7.172849655151367,-1.311238169670105
1717728600857,5.471426963806152,-9.476398468017578,-2.6357059478759766
1717728600871,4.592315673828125,-6.135822772979736,-5.316737651824951
1717728600890,3.2527668476104736,-5.561549186706543,-5.15938663482666
1717728600920,0.7558459639549255,-3.628878355026245,-1.7968313694000244
1717728600938,0.36019015312194824,-3.7482175827026367,-1.1833242177963257
1717728600956,0.6114491820335388,-4.486708164215088,-0.7490121126174927
1717728600987,-2.5062453746795654,-10.153249740600586,-0.3246919512748718
1717728601017,-2.4972915649414062,-9.73816204071045,-1.3549062013626099
1717728601031,-2.202570676803589,-9.222067832946777,-0.5745837092399597
1717728601060,3.7060647010803223,-14.520209312438965,-2.456345319747925
1717728601153,5.106687068939209,-8.013673782348633,10.17159366607666
1717728601173,4.551188945770264,-6.237691879272461,4.143607139587402
1717728601194,5.154837608337402,-5.53809928894043,-1.3079341650009155
1717728601220,6.475112438201904,-8.795445442199707,-2.2400708198547363
1717728601258,5.555112838745117,-8.570136070251465,-0.7202322483062744
1717728601271,7.078935146331787,-1.5090752840042114,3.2526357173919678
1717728601293,7.177466869354248,-2.443168878555298,0.28939276933670044
1717728601318,5.840571403503418,-8.70975112915039,-2.3121681213378906
1717728601337,3.1380488872528076,-17.477502822875977,-3.890136241912842
1717728601373,2.052639961242676,-14.806464195251465,-5.035323619842529
1717728601388,-2.3023757934570312,-7.0010762214660645,-2.580716609954834
1717728601407,-1.356351613998413,-7.444838523864746,-2.118389368057251
1717728601439,1.3263202905654907,-9.020665168762207,-1.7294847965240479
1717728601454,11.866188049316406,-13.127196311950684,-4.8870320320129395
1717728601475,11.811705589294434,-9.913959503173828,-9.852355003356934
1717728601507,9.2899808883667,-3.021507978439331,-2.7763304710388184
1717728601522,9.255090713500977,-2.20747447013855,-1.7558997869491577
1717728601541,9.841547966003418,-2.8741133213043213,5.61237907409668
1717728601577,10.295199394226074,-5.333105087280273,0.3892759680747986
1717728601589,9.833939552307129,-5.50795316696167,-1.122667908668518
1717728601620,4.3961639404296875,-9.422877311706543,4.964704990386963
1717728601639,4.620595932006836,-8.83748722076416,0.2771751880645752
1717728601659,4.477678298950195,-7.747323036193848,-4.066760540008545
1717728601693,9.351200103759766,-6.558396816253662,-4.140779495239258
1717728601708,13.268173217773438,-4.760847568511963,-2.4528257846832275
1717728601738,15.654681205749512,-2.872588634490967,6.366244316101074
1717728601756,13.38524055480957,-3.8367960453033447,5.150027275085449
1717728601776,11.930167198181152,-4.606447219848633,2.622894048690796
1717728601807,11.63402271270752,-3.3140530586242676,3.9547901153564453
1717728601823,13.342676162719727,-3.772813081741333,3.2787506580352783
1717728601853,15.123757362365723,-8.080303192138672,-8.334550857543945
1717728601872,12.210078239440918,-9.104076385498047,-9.054645538330078
1717728601908,9.97033977508545,-9.77824592590332,-3.556370496749878
1717728601921,8.964470863342285,-14.35989761352539,0.4623945951461792
1717728601941,9.876853942871094,-16.913818359375,1.2790110111236572
1717728601973,8.363914489746094,-9.607685089111328,0.7863495945930481
1717728601988,6.027335166931152,-7.331405162811279,-2.0246646404266357
1717728602006,5.143306732177734,-6.639069557189941,-6.30175256729126
1717728602036,6.082692623138428,-3.816102981567383,-4.798424243927002
1717728602065,5.652466773986816,-1.855426549911499,-3.6414241790771484
1717728602090,2.7891249656677246,-1.2569018602371216,-3.5624189376831055
1717728602205,4.300707817077637,-5.900279998779297,3.0025272369384766
1717728602221,12.094671249389648,-7.977838039398193,10.532427787780762
1717728602245,22.288066864013672,-8.766921997070312,20.392915725708008
1717728602272,16.675785064697266,-8.863102912902832,8.627140045166016
1717728602290,5.955196380615234,-6.714352130889893,2.2361016273498535
1717728602319,0.899908721446991,-9.314300537109375,0.7733764052391052
1717728602336,1.1113436222076416,-13.26671314239502,-3.574014186859131
1717728602357,6.177248954772949,-15.40659236907959,-8.227588653564453
1717728602385,9.17952823638916,-9.728355407714844,-0.8607611656188965
1717728602404,4.974232196807861,-5.579122543334961,-3.0600745677948
1717728602424,3.5938451290130615,-5.02070426940918,-2.8691985607147217
1717728602455,5.872650146484375,-4.456252574920654,-0.8307424187660217
1717728602473,7.750281810760498,-4.731847763061523,-2.2954680919647217
1717728602502,10.032363891601562,-3.970118522644043,-6.636719226837158
1717728602522,10.38926887512207,-3.393010139465332,-6.397594451904297
1717728602541,9.882125854492188,-2.1710333824157715,-8.723597526550293
1717728602572,8.204850196838379,-3.697829246520996,9.316572189331055
1717728602591,7.835824966430664,-4.297750949859619,18.19951629638672
1717728602620,9.603453636169434,-3.7397899627685547,-5.232265949249268
1717728602638,9.073375701904297,-4.01188850402832,-3.3557801246643066
1717728602659,8.610321998596191,-3.973165273666382,-3.4922304153442383
1717728602696,5.7708635330200195,-6.735664367675781,3.7032248973846436
1717728602707,6.41422176361084,-7.272583961486816,0.6040517687797546
1717728602738,6.379614353179932,-10.418606758117676,-0.8593311309814453
1717728602756,9.221181869506836,-8.366433143615723,-2.385313034057617
1717728602775,13.47562026977539,-4.0550103187561035,-1.5819581747055054
1717728602806,14.729220390319824,-1.369651198387146,2.860966682434082
1717728602822,13.149998664855957,-1.3491309881210327,0.3191477656364441
1717728602853,12.8408784866333,-2.9205527305603027,2.85841703414917
1717728602873,12.944291114807129,-1.0023553371429443,3.095578908920288
1717728602905,11.147795677185059,-0.5738392472267151,2.7489075660705566
1717728602920,14.492676734924316,-5.552645683288574,-1.4829760789871216
1717728602940,16.198486328125,-5.548954963684082,-7.849503517150879
1717728602973,11.530512809753418,-7.847781181335449,-3.8524274826049805
1717728602989,10.63347053527832,-10.968585014343262,0.7193947434425354
1717728603008,10.388330459594727,-15.001442909240723,1.1475096940994263
1717728603036,8.793648719787598,-12.91318416595459,1.8127164840698242
1717728603072,6.325209140777588,-6.837545871734619,-1.8171210289001465
1717728603091,5.580644130706787,-5.439392566680908,-5.535156726837158
1717728603173,2.9988975524902344,-0.7006372809410095,-2.3175604343414307
1717728603202,-0.7997876405715942,-4.413043022155762,-4.142857074737549
1717728603224,-2.5396203994750977,-5.8560709953308105,-3.753319263458252
1717728603240,-2.7450270652770996,-6.017111778259277,-1.8834954500198364
1717728603270,2.071857452392578,-6.587871074676514,1.6228504180908203
1717728603288,10.869823455810547,-6.386611461639404,8.073762893676758
1717728603319,26.358041763305664,-2.4364984035491943,18.956960678100586
1717728603343,21.305458068847656,-2.8096017837524414,14.496393203735352
1717728603357,11.783987998962402,-4.695663928985596,6.47745943069458
1717728603386,4.010952949523926,-7.623666286468506,1.1257702112197876
1717728603406,3.8894450664520264,-11.42803955078125,-0.5998508930206299
1717728603434,7.210801601409912,-15.425190925598145,1.1182610988616943
1717728603456,8.587601661682129,-11.709272384643555,-3.896181106567383
1717728603473,3.799626588821411,-7.897068023681641,-5.716745853424072
1717728603503,2.188612461090088,-6.073604106903076,-4.262141704559326
1717728603523,3.2000999450683594,-5.920424938201904,-4.815957069396973
1717728603552,10.39022445678711,-7.245484352111816,-5.7191548347473145
1717728603575,12.503975868225098,-7.296173572540283,-6.560525417327881
1717728603592,11.196724891662598,-5.2319464683532715,-6.195545196533203
1717728603620,8.905653953552246,-1.5868186950683594,-4.97648286819458
1717728603640,8.914932250976562,-0.8851529359817505,-5.874042987823486
1717728603669,10.017004013061523,-3.86957049369812,15.272415161132812
1717728603690,10.078328132629395,-4.551575183868408,7.544738292694092
1717728603707,10.488066673278809,-4.147204875946045,-2.696904420852661
1717728603737,7.265667915344238,-4.697971343994141,3.731351613998413
1717728603757,6.24781608581543,-6.05390739440918,1.9786590337753296
1717728603785,6.757308483123779,-5.836577415466309,-2.9822278022766113
1717728603809,6.929798603057861,-6.387172698974609,-4.193002700805664
1717728603824,7.2888593673706055,-7.250439167022705,-2.6478161811828613
1717728603853,12.763945579528809,-3.7886736392974854,0.03404424712061882
1717728603874,14.153167724609375,-1.8930798768997192,-1.349656105041504
1717728603903,14.463561058044434,-5.133487701416016,3.445735216140747
1717728603925,15.065314292907715,-4.568747043609619,2.57808780670166
1717728603941,14.764531135559082,-3.2758278846740723,3.598496675491333
1717728603969,14.19424819946289,0.6664887070655823,4.159981727600098
1717728603992,13.29628849029541,0.5378799438476562,5.177746295928955
1717728604007,10.777937889099121,-2.422563076019287,3.1888279914855957
1717728604038,11.456037521362305,-4.608643531799316,-8.814123153686523
1717728604068,11.304933547973633,-7.115261554718018,-7.641963005065918
1717728604090,12.15005111694336,-8.805495262145996,0.16998101770877838
1717728604109,12.34157943725586,-10.37602424621582,1.879367470741272
1717728604140,12.34157943725586,-10.37602424621582,1.879367470741272
1717728604173,12.34157943725586,-10.37602424621582,1.879367470741272
1717728604202,5.2437214851379395,-6.37952995300293,-6.13158655166626
1717728604223,5.58311653137207,-5.183767795562744,-3.6550815105438232
1717728604239,4.656960487365723,-4.472376823425293,-0.6154801249504089
1717728604270,2.772573232650757,-2.7368650436401367,-1.7179423570632935
1717728604291,0.8829633593559265,-2.5917468070983887,-2.8665432929992676
1717728604324,-1.3015062808990479,-4.1388258934021,-3.0238380432128906
1717728604338,-1.2239296436309814,-5.71779203414917,-1.3539410829544067
1717728604356,-0.39687392115592957,-6.994638919830322,0.6220861673355103
1717728604387,5.667147636413574,-7.6379265785217285,5.843024730682373
1717728604407,14.032544136047363,-6.22542142868042,13.232645988464355
1717728604435,24.72797203063965,-1.9731494188308716,17.300106048583984
1717728604455,14.924949645996094,-4.30983829498291,6.794984340667725
1717728604473,8.432656288146973,-4.6520094871521,1.5726948976516724
1717728604503,1.4665522575378418,-6.223909378051758,-0.08175715059041977
1717728604525,1.838038444519043,-9.254552841186523,-0.6017940044403076
1717728604553,8.204959869384766,-14.358518600463867,2.5998103618621826
1717728604571,12.845664978027344,-12.49892807006836,-1.0019203424453735
1717728604590,9.303685188293457,-8.685131072998047,-6.315273761749268
1717728604620,2.7254910469055176,-5.6015238761901855,-3.1298913955688477
1717728604640,2.7463865280151367,-4.970149040222168,-2.841353416442871
1717728604669,7.579575061798096,-6.01495885848999,-4.406553745269775
1717728604692,12.3231840133667,-7.051953315734863,-5.940743446350098
1717728604707,12.893529891967773,-6.739354133605957,-7.474319934844971
1717728604737,9.395277976989746,-2.472349166870117,-5.108361721038818
1717728604757,9.30770206451416,-1.1663262844085693,-4.816081523895264
1717728604785,8.064894676208496,-2.011971950531006,9.540266036987305
1717728604806,9.89580249786377,-3.5022454261779785,7.022674083709717
1717728604823,10.881743431091309,-4.475592613220215,-1.0143170356750488
1717728604855,8.260783195495605,-4.627706050872803,0.9409154057502747
1717728604875,7.608997344970703,-4.798520088195801,2.1650350093841553
1717728604909,6.87079381942749,-6.0608367919921875,-0.7846505641937256
1717728604921,7.377686500549316,-6.705836772918701,-2.5345425605773926
1717728604941,8.949739456176758,-6.556139945983887,-2.8411219120025635
1717728604975,13.450571060180664,-2.503056526184082,-0.9475407600402832
1717728604988,14.32090950012207,-0.4309096038341522,0.4230960011482239
1717728605017,13.332490921020508,-1.9535380601882935,0.7058485150337219
1717728605037,12.479000091552734,-3.8115973472595215,3.202275037765503
1717728605064,11.9537353515625,-3.806617021560669,5.128159523010254
1717728605090,12.93770980834961,-0.6990768313407898,2.1475064754486084
1717728605118,12.93770980834961,-0.6990768313407898,2.1475064754486084
1717728605153,12.93770980834961,-0.6990768313407898,2.1475064754486084
1717728605172,12.619200706481934,-1.538190484046936,1.6168558597564697
1717728605201,10.716038703918457,-10.238142967224121,1.1167116165161133
1717728605220,10.63912296295166,-12.841660499572754,1.792808175086975
1717728605250,9.192391395568848,-9.56001091003418,-0.06154848635196686
1717728605270,8.05461311340332,-6.252943992614746,-0.4966788589954376
1717728605289,6.964866638183594,-5.233843803405762,-3.1035914421081543
1717728605319,5.650636196136475,-4.499161720275879,-5.504283428192139
1717728605340,6.108455181121826,-3.429431438446045,-4.276753902435303
1717728605368,3.481588840484619,-2.0175349712371826,-2.80537486076355
1717728605390,1.821557641029358,-2.613612413406372,-2.9244349002838135
1717728605405,0.6032379865646362,-3.1489903926849365,-3.79023814201355
1717728605435,-1.4882819652557373,-5.421582221984863,-1.9414995908737183
1717728605455,-0.8989954590797424,-5.767549991607666,0.4630471169948578
1717728605474,1.6004024744033813,-5.503371238708496,2.589130401611328
1717728605503,19.012523651123047,-3.9884119033813477,13.237382888793945
1717728605523,24.00760269165039,-3.946457624435425,15.111651420593262
1717728605552,12.630387306213379,-3.3794374465942383,9.889459609985352
1717728605571,8.367362976074219,-4.242159843444824,4.270326614379883
1717728605591,4.843485355377197,-5.155032634735107,0.9302428960800171
1717728605621,2.223928213119507,-7.7468342781066895,0.2403615415096283
1717728605641,2.3966450691223145,-9.90649700164795,0.29241687059402466
1717728605669,7.632506847381592,-10.857037544250488,1.6921465396881104
1717728605692,11.554178237915039,-9.720869064331055,-1.434343695640564
1717728605708,9.382564544677734,-8.91157341003418,-5.250490665435791
1717728605738,4.181599140167236,-5.90468168258667,-1.935760259628296
1717728605760,3.796175479888916,-4.931371688842773,-1.8605453968048096
1717728605794,9.38629150390625,-5.442998886108398,-3.9002392292022705
1717728605806,13.030559539794922,-5.873002529144287,-5.431250095367432
1717728605827,12.36477279663086,-4.974514484405518,-6.764218330383301
1717728605856,9.516199111938477,-0.8356358408927917,-4.962231636047363
1717728605877,9.106266975402832,-0.4276549220085144,-4.402217388153076
1717728605911,9.042296409606934,-2.519345760345459,-2.1493332386016846
1717728605922,10.185894966125488,-5.107773780822754,2.8803112506866455
1717728605944,9.244874000549316,-6.834959030151367,15.175484657287598
1717728605982,10.15126895904541,-3.0208253860473633,-2.645721435546875
1717728605989,8.687363624572754,-3.595240831375122,-0.8694403767585754
1717728606023,6.877014636993408,-7.744818687438965,0.39572644233703613
1717728606041,9.152640342712402,-6.497583866119385,-2.5090155601501465
1717728606066,11.285780906677246,-4.199248790740967,-3.0405054092407227
1717728606090,12.85391616821289,-2.3797342777252197,-2.267211437225342
1717728606116,14.364591598510742,-0.7780820727348328,0.3495384156703949
1717728606138,13.631998062133789,-1.9080967903137207,1.7692389488220215
1717728606158,13.18430233001709,-1.7644507884979248,4.962966442108154
1717728606173,14.273616790771484,-0.2082865983247757,5.877512454986572
1717728606194,12.597747802734375,0.2609567642211914,4.608640193939209
1717728606219,13.232184410095215,-2.2887585163116455,1.1371968984603882
1717728606238,13.830707550048828,-4.1274261474609375,-7.548593521118164
1717728606257,12.291302680969238,-6.176774978637695,-9.152640342712402
1717728606279,11.917823791503906,-8.853377342224121,1.5322232246398926
1717728606301,12.243420600891113,-10.838085174560547,1.7500860691070557
1717728606320,12.059075355529785,-13.696639060974121,1.7572685480117798
1717728606336,10.91948413848877,-11.743054389953613,1.7596626281738281
1717728606375,7.759274005889893,-7.562957763671875,-2.3701577186584473
1717728606376,6.3299970626831055,-5.525579929351807,-5.690772533416748
1717728606396,5.992428779602051,-3.9071693420410156,-5.408268928527832
1717728606421,5.8894829750061035,-3.3062503337860107,-3.662971019744873
1717728606439,5.980458736419678,-2.8202483654022217,-4.120244026184082
1717728606452,3.91674542427063,-1.5801050662994385,-3.9550511837005615
1717728606472,1.3766067028045654,-1.5513759851455688,-3.0740227699279785
1717728606491,-0.016758691519498825,-2.781942844390869,-3.854499101638794
1717728606513,-1.3837891817092896,-3.8329520225524902,-4.146578788757324
1717728606539,-2.262423276901245,-4.819321155548096,-2.125959634780884
1717728606556,-0.5099430084228516,-5.044365882873535,0.8546932339668274
1717728606571,3.6845180988311768,-4.340500831604004,2.3079111576080322
1717728606588,13.356677055358887,-4.867203235626221,9.858899116516113
1717728606608,26.988676071166992,-5.111401081085205,24.721464157104492
1717728606628,25.056638717651367,-8.326675415039062,17.49128532409668
1717728606660,9.957056999206543,-4.749892234802246,6.796846389770508
1717728606665,3.56960129737854,-4.3788065910339355,1.9152790307998657
1717728606685,1.2545077800750732,-3.933504343032837,0.13885773718357086
1717728606704,1.6231989860534668,-4.555970191955566,-2.817854166030884
1717728606723,1.8314855098724365,-8.558902740478516,-3.258368492126465
1717728606743,6.478431224822998,-11.75981330871582,-3.318220853805542
1717728606762,17.373973846435547,-14.165882110595703,1.754874348640442
1717728606789,10.950608253479004,-11.386334419250488,-1.2473255395889282
1717728606806,3.698882579803467,-7.567746162414551,-1.9679491519927979
1717728606821,3.425955295562744,-4.587092876434326,-2.1163833141326904
1717728606839,4.433870792388916,-3.5743894577026367,-2.8082778453826904
1717728606859,8.429621696472168,-4.08193826675415,-4.091514587402344
1717728606880,11.434215545654297,-4.575122356414795,-5.705137729644775
1717728606908,12.004011154174805,-3.849710702896118,-8.120782852172852
1717728606925,9.368107795715332,-2.470710039138794,-7.04343843460083
1717728606940,8.891682624816895,-1.4987058639526367,-5.389116287231445
1717728606955,8.056142807006836,-1.2976014614105225,-2.8681302070617676
1717728606976,9.401625633239746,-2.0349838733673096,-2.1307480335235596
1717728606995,11.321693420410156,-4.153761386871338,0.8379345536231995
1717728607026,9.016176223754883,-7.620416641235352,20.75204849243164
1717728607034,11.094253540039062,-4.010115623474121,1.879367470741272
1717728607058,10.198861122131348,-2.0996243953704834,-2.987835168838501
1717728607076,7.864614486694336,-2.990229368209839,-2.281575918197632
1717728607091,6.940492630004883,-4.682857036590576,-0.8642696142196655
1717728607110,8.79831314086914,-5.973276615142822,0.22504527866840363
1717728607130,11.573073387145996,-5.3555989265441895,-2.4419808387756348
1717728607157,13.493141174316406,-2.722090244293213,-2.0014665126800537
1717728607176,13.567358016967773,-1.5657405853271484,1.800362229347229
1717728607190,13.454834938049316,-1.4747648239135742,1.0821325778961182
1717728607206,13.18430233001709,-1.4699766635894775,0.5290958285331726
1717728607226,13.694245338439941,-0.9360926151275635,2.7460312843322754
1717728607246,15.049304962158203,0.43572595715522766,5.346022605895996
1717728607278,13.888167381286621,1.2688723802566528,4.3500776290893555
1717728607285,14.592032432556152,-0.08379345387220383,1.809938669204712
1717728607313,15.365325927734375,-2.4970450401306152,-6.423367023468018
1717728607323,12.128503799438477,-5.966094017028809,-9.473448753356934
1717728607345,11.060735702514648,-8.575661659240723,-4.421900272369385
1717728607363,11.85557746887207,-10.237166404724121,2.7412428855895996
1717728607381,12.49719524383545,-13.495534896850586,1.4484297037124634
1717728607412,12.437342643737793,-14.264039993286133,2.8896772861480713
1717728607421,11.115799903869629,-9.12869930267334,1.6950218677520752
1717728607445,8.154300689697266,-5.226317405700684,-2.880100727081299
1717728607460,6.1719865798950195,-4.891143321990967,-7.175114154815674
1717728607480,6.535889625549316,-3.3613147735595703,-5.707531452178955
1717728607513,5.788930892944336,-2.513803720474243,-3.536083698272705
1717728607516,5.5902204513549805,-1.917673110961914,-3.8161935806274414
1717728607546,3.1242988109588623,-1.4771589040756226,-3.72282338142395
1717728607575,0.36869120597839355,-3.129086971282959,-3.9406864643096924
1717728607588,-0.6176775097846985,-4.005327224731445,-4.22079610824585
1717728607611,-1.9487963914871216,-4.953390598297119,-3.2272450923919678
1717728607646,-0.12209904193878174,-5.566279411315918,1.280842900276184
1717728607652,4.694827556610107,-3.5456602573394775,4.49851131439209
1717728607679,17.77379035949707,-0.6392243504524231,16.126649856567383
1717728607690,28.920711517333984,-4.141790866851807,23.833253860473633
1717728607713,18.130510330200195,-12.363125801086426,13.43807601928711
1717728607728,8.235699653625488,-5.860753536224365,6.866274833679199
1717728607749,3.2487919330596924,-4.318953990936279,2.722090244293213
1717728607780,1.6854455471038818,-2.4395864009857178,-1.400547742843628
1717728607787,0.30644461512565613,-5.9206061363220215,-2.046954393386841
1717728607813,1.9224612712860107,-10.172526359558105,-3.241609811782837
1717728607826,12.535500526428223,-15.341384887695312,-4.3309245109558105
1717728607846,15.501789093017578,-13.196271896362305,-0.9552453756332397
1717728607880,5.420239448547363,-8.515809059143066,-2.121171474456787
1717728607886,2.985441207885742,-5.243076324462891,-3.2128806114196777
1717728607910,4.831291675567627,-3.837740182876587,-3.1338751316070557
1717728607922,9.487812995910645,-3.696488618850708,-3.761129140853882
1717728607947,12.157233238220215,-3.5145370960235596,-5.183224201202393
1717728607961,12.966439247131348,-2.104412794113159,-7.6347808837890625
1717728607980,10.428693771362305,-0.8642696142196655,-7.081744194030762
1717728608013,9.102362632751465,0.11970493942499161,-7.206236839294434
1717728608018,10.450241088867188,-0.7230178117752075,-2.813066005706787
1717728608046,10.2395601272583,-1.5322232246398926,2.1786296367645264
1717728608058,9.660187721252441,-3.806617021560669,12.600141525268555
1717728608077,11.178047180175781,-2.169053554534912,2.623932361602783
1717728608097,9.595547676086426,-1.8266973495483398,-0.11491674184799194
1717728608129,8.779159545898438,-3.694094181060791,3.56960129737854
1717728608135,7.795185565948486,-6.715446949005127,3.349344253540039
1717728608162,6.248597621917725,-8.750431060791016,-0.9336984753608704
1717728608174,6.442519664764404,-9.899598121643066,-2.8202483654022217
1717728608196,7.934042930603027,-9.964239120483398,-1.9057025909423828
1717728608212,12.944891929626465,-3.272732973098755,-2.1307480335235596
1717728608231,16.375635147094727,1.802756428718567,-0.3327797055244446
1717728608262,16.789813995361328,4.216008186340332,1.855426549911499
1717728608271,15.535306930541992,2.374946117401123,3.713247299194336
1717728608296,14.845806121826172,-0.37587350606918335,4.5535759925842285
1717728608310,15.62149429321289,0.6104952096939087,4.654128074645996
1717728608333,14.259251594543457,2.7795486450195312,1.7572685480117798
1717728608347,13.608057022094727,0.8403286933898926,-0.45009055733680725
1717728608365,14.448386192321777,-3.646212577819824,-5.846388816833496
1717728608409,12.262574195861816,-7.258907318115234,-8.594815254211426
1717728608410,11.91303539276123,-8.716914176940918,-3.883228302001953
1717728608425,12.073439598083496,-9.83735179901123,0.7349883317947388
1717728608443,12.750969886779785,-11.628137588500977,0.8714519143104553
1717728608462,12.5929594039917,-10.402359008789062,2.5568974018096924
1717728608485,10.77823257446289,-6.84951639175415,0.4381200671195984
1717728608502,7.893343448638916,-5.030001640319824,-3.5600247383117676
1717728608544,7.102478504180908,-4.343417167663574,-6.889322757720947
1717728608568,6.6915059089660645,-3.8592872619628906,-5.7338666915893555
1717728608592,5.857081890106201,-3.1934773921966553,-5.301522731781006
1717728608617,0.6657818555831909,-1.6254345178604126,-3.2969326972961426
1717728608644,-0.2519247531890869,-2.7321183681488037,-3.3614304065704346
1717728608667,-1.927435040473938,-5.262963771820068,-2.855384588241577
1717728608701,-1.2947132587432861,-6.162657260894775,-0.4019632935523987
1717728608706,1.5014196634292603,-6.682147979736328,2.7757134437561035
1717728608737,24.223785400390625,-3.802506923675537,17.112361907958984
1717728608759,24.337982177734375,-4.736028671264648,14.250471115112305
1717728608783,9.450664520263672,-3.184520959854126,9.436361312866211
1717728608816,5.910912990570068,-4.804253101348877,3.4613263607025146
1717728608821,4.744189262390137,-7.118496417999268,-0.13135521113872528
1717728608851,7.342386245727539,-10.747241020202637,-0.10588020831346512
1717728608878,9.570291519165039,-10.792868614196777,0.015759818255901337
1717728608892,9.916622161865234,-7.112710952758789,-0.5233883857727051
1717728608919,3.6648714542388916,-5.539870262145996,-4.625070571899414
1717728608947,3.31551194190979,-5.387722492218018,-2.862248182296753
1717728608957,3.888498067855835,-4.999070167541504,-2.1189661026000977
1717728608988,8.09814739227295,-5.832274913787842,-3.550809383392334
1717728609015,13.661273956298828,-5.966152667999268,-5.0503950119018555
1717728609049,10.584708213806152,-2.849594831466675,-6.988273620605469
1717728609056,9.547411918640137,-0.8139690160751343,-6.3569655418396
1717728609075,9.617094993591309,0.07900525629520416,-5.080277442932129
1717728609094,9.18855094909668,0.6033128499984741,-3.6103010177612305
1717728609133,11.084676742553711,-0.23701578378677368,-3.8305580615997314
1717728609164,11.084676742553711,-0.23701578378677368,-3.8305580615997314
1717728609173,11.084676742553711,-0.23701578378677368,-3.8305580615997314
1717728609193,7.759030342102051,-3.8526909351348877,-2.1547956466674805
1717728609221,7.077512264251709,-7.620286464691162,0.9882005453109741
1717728609253,8.302382469177246,-8.693299293518066,-3.017820358276367
1717728609277,14.6549654006958,-0.3902934193611145,-3.898728847503662
1717728609293,16.328725814819336,2.604816198348999,0.9302687048912048
1717728609307,16.096954345703125,1.9458693265914917,5.546025276184082
1717728609338,13.86669921875,-0.6537725925445557,0.6578852534294128
1717728609365,13.393439292907715,-0.32925254106521606,2.1978580951690674
1717728609396,14.586929321289062,1.5767903327941895,3.8831968307495117
1717728609406,13.091374397277832,-0.7180213332176208,2.3827221393585205
1717728609434,11.994782447814941,-4.141598224639893,-0.9092721939086914
1717728609462,10.559088706970215,-6.610313892364502,-7.567994117736816
1717728609473,11.95727252960205,-8.017717361450195,-2.1599185466766357
1717728609501,12.466460227966309,-10.899085998535156,2.200212240219116
1717728609534,12.18721866607666,-10.841361999511719,2.9243459701538086
1717728609540,11.895362854003906,-8.772517204284668,2.589656352996826
1717728609572,8.648483276367188,-5.3926801681518555,-4.659506320953369
1717728609601,8.317636489868164,-4.63655424118042,-6.530763626098633
1717728609633,6.510464668273926,-1.9376429319381714,-3.9837522506713867
1717728609638,4.655034065246582,-1.4022767543792725,-1.9919445514678955
1717728609661,2.820850133895874,-1.6045976877212524,-1.620327115058899
1717728609689,0.8226485848426819,-2.525278091430664,-3.20041561126709
1717728609717,0.6048398017883301,-3.784860610961914,-3.3166542053222656
1717728609751,-0.025932129472494125,-5.901096343994141,1.7441314458847046
1717728609755,3.481834650039673,-4.181554794311523,7.093671798706055
1717728609778,12.052264213562012,-0.09926596283912659,11.793984413146973
1717728609803,13.818942070007324,-2.352818250656128,11.665510177612305
1717728609833,8.571444511413574,-6.431220531463623,11.233075141906738
1717728609862,6.78598165512085,-6.721165657043457,8.911465644836426
1717728609874,4.903204917907715,-6.6649556159973145,0.9728201627731323
1717728609902,3.6996779441833496,-5.569499492645264,0.17811131477355957
1717728609931,6.64230489730835,-10.506305694580078,-2.6091678142547607
1717728609961,12.628775596618652,-11.116925239562988,0.4793511629104614
1717728609977,6.684235572814941,-7.550744533538818,-1.34339439868927
1717728609996,3.65195369720459,-5.599145889282227,-1.7061761617660522
1717728610007,4.102448463439941,-4.505192279815674,-2.82527494430542
1717728610035,11.316579818725586,-5.10842227935791,-5.456759929656982
1717728610055,14.244888305664062,-4.716374397277832,-6.392243385314941
1717728610079,13.608057022094727,-2.4395864009857178,-8.439197540283203
1717728610098,10.926667213439941,0.12449312955141068,-7.522258281707764
1717728610131,10.926667213439941,0.12449312955141068,-7.522258281707764
1717728610161,10.926667213439941,0.12449312955141068,-7.522258281707764
1717728610177,11.294107437133789,-0.24768081307411194,-5.0081610679626465
1717728610202,10.465965270996094,-2.1126515865325928,-1.4686698913574219
1717728610234,8.83584976196289,-3.083861827850342,0.7689754366874695
1717728610240,7.251401424407959,-5.276297569274902,2.657254934310913
1717728610270,7.1816205978393555,-8.106690406799316,-1.5456786155700684
1717728610296,7.209319114685059,-8.615053176879883,-3.767360210418701
1717728610321,11.419281005859375,-2.0879452228546143,-4.149692535400391
1717728610357,16.486818313598633,2.9638569355010986,5.666645526885986
1717728610386,13.702127456665039,-1.5931743383407593,0.8606348037719727
1717728610412,12.690710067749023,-2.266040802001953,0.3957056403160095
1717728610435,16.005346298217773,2.761686325073242,4.061164855957031
1717728610470,14.698267936706543,3.9962158203125,2.4311490058898926
1717728610474,13.237556457519531,0.8645099401473999,-0.5149058103561401
1717728610502,11.601804733276367,-4.890757083892822,-6.437344551086426
1717728610535,10.807482719421387,-7.10181188583374,-6.7686848640441895
1717728610564,13.075878143310547,-8.61023998260498,1.6842330694198608
1717728610572,12.855659484863281,-9.772281646728516,2.494232654571533
1717728610601,12.706340789794922,-9.685691833496094,2.9580392837524414
1717728610634,10.686868667602539,-5.625993251800537,-0.27733314037323
1717728610639,8.344354629516602,-5.131567478179932,-2.9787936210632324
1717728610665,7.392988204956055,-5.429097652435303,-7.589573860168457
1717728610702,6.636765003204346,-2.156689405441284,-4.431990623474121
1717728610707,5.369805335998535,-1.2987068891525269,-3.262082576751709
1717728610736,1.2518757581710815,-0.7158355116844177,-2.7191829681396484
1717728610766,1.1124969720840454,-2.027895212173462,-2.251363754272461
1717728610777,0.8314302563667297,-3.976900577545166,-2.722956895828247
1717728610804,0.02473749779164791,-5.630488872528076,0.9122454524040222
1717728610835,2.867206335067749,-4.805825233459473,5.078311920166016
1717728610863,17.311864852905273,-0.27883440256118774,8.063935279846191
1717728610873,15.124446868896484,-2.02376127243042,11.659150123596191
1717728610899,11.712985038757324,-4.362744331359863,14.043498992919922
1717728610934,7.897028923034668,-6.1693549156188965,7.917819499969482
1717728610945,5.901622772216797,-6.483563423156738,4.427943706512451
1717728610969,4.588618755340576,-5.357637405395508,-2.1651721000671387
1717728611002,4.912542343139648,-7.146946430206299,-3.035536289215088
1717728611009,7.850264072418213,-8.57505989074707,-2.7710061073303223
1717728611036,12.481545448303223,-9.098731994628906,-0.06689830869436264
1717728611069,5.549520969390869,-6.483219623565674,-2.293546438217163
1717728611097,4.77383279800415,-4.278254508972168,-2.4180397987365723
1717728611106,6.430549144744873,-3.0381112098693848,-3.430743455886841
1717728611131,6.430549144744873,-3.0381112098693848,-3.430743455886841
1717728611161,6.430549144744873,-3.0381112098693848,-3.430743455886841
1717728611177,7.029332160949707,-2.3453667163848877,-3.988750696182251
1717728611201,8.397542953491211,0.13185738027095795,-4.355130195617676
1717728611231,8.391153335571289,-1.1614141464233398,-2.0323429107666016
1717728611240,9.08495807647705,-3.6396918296813965,9.643970489501953
1717728611270,11.935315132141113,-1.764248013496399,2.316267251968384
1717728611297,10.534661293029785,-1.8608770370483398,-0.19618378579616547
1717728611330,7.3156023025512695,-5.9999213218688965,3.6064581871032715
1717728611337,7.267447471618652,-6.756711483001709,1.0375374555587769
1717728611361,8.002525329589844,-6.350993633270264,-2.723569631576538
1717728611388,10.641512870788574,-4.784143924713135,-5.891035556793213
1717728611416,14.609771728515625,-1.527750849723816,-3.468832015991211
1717728611451,16.761205673217773,1.8801093101501465,4.625097751617432
1717728611453,15.741947174072266,2.146522283554077,2.848198175430298
1717728611479,14.402528762817383,1.3302234411239624,0.8583089113235474
1717728611503,12.918331146240234,1.303934931755066,6.106076717376709
1717728611533,13.304368019104004,1.819420337677002,4.422304153442383
1717728611566,13.695998191833496,-0.5514690279960632,-1.7267539501190186
1717728611571,13.001952171325684,-2.0359766483306885,-7.7766242027282715
1717728611602,12.63831901550293,-3.3490188121795654,-7.851520538330078
1717728611633,13.151213645935059,-6.77055025100708,0.4038677215576172
1717728611639,12.614249229431152,-9.226710319519043,1.490752100944519
1717728611668,12.638212203979492,-10.459070205688477,2.7305455207824707
1717728611700,10.114799499511719,-7.5638298988342285,-0.4936865568161011
1717728611708,7.899628639221191,-5.393986225128174,-5.009462356567383
1717728611736,6.693166732788086,-3.042370557785034,-6.182185649871826
1717728611766,7.156937122344971,-1.6935137510299683,-2.684987783432007
1717728611800,4.722097396850586,-0.5035092234611511,-2.474030017852783
1717728611835,1.3866662979125977,-2.0041234493255615,-4.411563873291016
1717728611866,-1.2198272943496704,-5.374448299407959,-2.6002063751220703
1717728611873,-1.4609590768814087,-6.363265037536621,0.981365442276001
1717728611900,9.970847129821777,-3.344426155090332,11.364714622497559
1717728611936,22.164270401000977,1.786996841430664,13.67585277557373
1717728611949,19.865028381347656,-1.5853244066238403,12.428093910217285
1717728611969,7.670252799987793,-4.870540618896484,10.439844131469727
1717728611999,6.306884765625,-4.886031150817871,6.902066230773926
1717728612030,3.28269624710083,-5.384548664093018,-0.5806409120559692
1717728612056,5.221529483795166,-7.744909286499023,-3.2296392917633057
1717728612080,8.932381629943848,-10.083944320678711,-3.0141701698303223
1717728612102,16.081161499023438,-10.270684242248535,0.5865541696548462
1717728612140,16.081161499023438,-10.270684242248535,0.5865541696548462
1717728612162,16.081161499023438,-10.270684242248535,0.5865541696548462
1717728612177,15.337019920349121,-9.349085807800293,-0.0416535921394825
1717728612202,11.817896842956543,-2.575486660003662,-5.234368324279785
1717728612233,11.6093168258667,-1.3131780624389648,-6.754502296447754
1717728612263,9.987338066101074,1.2835875749588013,-6.060779094696045
1717728612278,9.238823890686035,0.7256443500518799,-5.119241237640381
1717728612293,10.166065216064453,-0.915198028087616,-0.8824856281280518
1717728612319,10.66723346710205,-2.781378746032715,10.390251159667969
1717728612350,11.165755271911621,-1.6406480073928833,1.4154422283172607
1717728612357,10.305147171020508,-1.9161425828933716,-0.2717103660106659
1717728612386,7.704634666442871,-4.7203755378723145,0.9382253289222717
1717728612416,7.241204738616943,-6.506707191467285,-0.3740381896495819
1717728612451,9.790889739990234,-7.231379985809326,-4.285994529724121
1717728612454,12.858242988586426,-3.2308108806610107,-4.0929789543151855
1717728612483,15.483271598815918,1.6671231985092163,-1.1141107082366943
1717728612520,15.177664756774902,2.2146172523498535,4.833123683929443
1717728612523,14.195919036865234,0.7061735987663269,1.813341736793518
1717728612553,13.91077995300293,0.628994345664978,3.5548200607299805
1717728612582,14.584506034851074,2.1059935092926025,4.399806022644043
1717728612592,12.87872314453125,1.852372646331787,2.7665679454803467
1717728612621,12.963606834411621,-2.9595401287078857,-3.635446548461914
1717728612653,11.901057243347168,-3.4607584476470947,-8.771489143371582
1717728612682,12.572980880737305,-6.188964366912842,-0.2746357023715973
1717728612688,13.01913070678711,-8.084586143493652,2.3162941932678223
1717728612719,12.95626163482666,-8.829920768737793,3.9298160076141357
1717728612749,11.027212142944336,-6.2559332847595215,0.18699033558368683
1717728612757,9.563667297363281,-4.919376373291016,-4.073575496673584
1717728612785,7.56796932220459,-2.50020170211792,-5.573452472686768
1717728612817,7.438039779663086,-1.176921010017395,-2.091341733932495
1717728612824,6.830901145935059,-0.49665313959121704,-1.7313748598098755
1717728612853,3.4644198417663574,-1.4825443029403687,-4.107806205749512
1717728612886,2.2671151161193848,-2.681666612625122,-5.2020182609558105
1717728612917,-0.413431316614151,-5.960723400115967,-2.9933712482452393
1717728612921,-0.7632477879524231,-6.75370454788208,-0.8612205386161804
1717728612954,0.052031416445970535,-6.475088596343994,2.3101940155029297
1717728612981,13.541961669921875,-2.2597079277038574,10.377483367919922
1717728612996,21.683979034423828,0.9884244203567505,13.610418319702148
1717728613019,13.309133529663086,-4.317128658294678,11.537323951721191
1717728613047,9.508377075195312,-4.2632341384887695,8.293305397033691
1717728613065,3.981642007827759,-4.8259687423706055,0.4467136561870575
1717728613086,3.99814510345459,-4.237555027008057,-2.18581223487854
1717728613114,3.3541321754455566,-7.019497394561768,-3.0907814502716064
1717728613128,9.336984634399414,-10.62740421295166,-2.4132513999938965
1717728613153,9.336984634399414,-10.62740421295166,-2.4132513999938965
1717728613180,9.336984634399414,-10.62740421295166,-2.4132513999938965
1717728613203,3.99690318107605,-3.8570282459259033,-0.9737433791160583
1717728613236,6.982732772827148,-3.6578011512756348,-2.9184675216674805
1717728613270,13.588957786560059,-3.438741683959961,-6.195671081542969
1717728613271,12.342320442199707,-1.7073527574539185,-7.9327874183654785
1717728613298,10.534393310546875,0.6505776047706604,-7.6578497886657715
1717728613319,8.302496910095215,1.209076166152954,-3.8317925930023193
1717728613349,9.295024871826172,-0.11109543591737747,-2.1210641860961914
1717728613369,11.880385398864746,-2.7489993572235107,15.66512680053711
1717728613387,12.27739143371582,-1.5144245624542236,4.6554412841796875
1717728613418,10.784502983093262,-1.643430471420288,-1.8066778182983398
1717728613450,7.684937000274658,-3.285245418548584,-2.7884151935577393
1717728613455,7.536452293395996,-6.2722601890563965,-2.4661483764648438
1717728613487,9.220358848571777,-9.001392364501953,0.08429906517267227
1717728613512,12.463874816894531,-3.3114700317382812,-2.3376660346984863
1717728613528,14.574518203735352,1.1313860416412354,-1.7804145812988281
1717728613553,13.97209358215332,2.103607177734375,2.9839420318603516
1717728613585,12.875969886779785,1.1757224798202515,1.5960897207260132
1717728613621,12.915054321289062,0.3328372538089752,3.8755311965942383
1717728613622,14.601337432861328,1.9614720344543457,4.512617588043213
1717728613650,14.02173137664795,2.627520799636841,3.101874589920044
1717728613686,14.030169486999512,-1.4328324794769287,-4.488911151885986
1717728613688,12.274109840393066,-2.4378373622894287,-7.757075786590576
1717728613718,12.572694778442383,-5.206815719604492,-1.7097355127334595
1717728613754,13.116236686706543,-7.394110202789307,0.003289420623332262
1717728613757,13.813492774963379,-9.371129035949707,2.7153563499450684
1717728613786,12.074943542480469,-6.662506580352783,1.7470899820327759
1717728613820,10.31099796295166,-4.296045303344727,-1.5855906009674072
1717728613854,7.719773769378662,-3.7194716930389404,-8.277256965637207
1717728613855,7.25421667098999,-2.606396198272705,-5.149618148803711
1717728613886,7.270787239074707,-1.6830025911331177,-2.5294508934020996
1717728613921,3.7606115341186523,-0.7332808971405029,-3.242974042892456
1717728613922,1.5579209327697754,-1.7760721445083618,-3.7274553775787354
1717728613953,-0.5954098701477051,-4.6429877281188965,-3.4920341968536377
1717728613986,-1.4385427236557007,-5.66902494430542,-1.655541181564331
1717728613990,-0.6802738308906555,-6.020096302032471,1.0688649415969849
1717728614019,13.703180313110352,-1.6238373517990112,9.330036163330078
1717728614059,22.70348358154297,1.7168223857879639,13.493825912475586
1717728614068,14.184249877929688,-4.52044677734375,12.312600135803223
1717728614093,10.091126441955566,-4.917479038238525,8.233305931091309
1717728614115,7.282848358154297,-6.555042266845703,1.8913379907608032
1717728614136,8.044172286987305,-8.082477569580078,-2.358187198638916
1717728614166,8.044172286987305,-8.082477569580078,-2.358187198638916
1717728614182,6.818393230438232,-5.489668369293213,-5.15928316116333
1717728614203,3.981386184692383,-5.779354572296143,-2.9998056888580322
1717728614225,4.2064313888549805,-5.958911895751953,-0.5123371481895447
1717728614245,6.212686061859131,-6.004399299621582,-1.084526777267456
1717728614261,9.4423246383667,-5.551915168762207,-2.5999913215637207
1717728614280,14.544150352478027,-4.895932197570801,-4.558363914489746
1717728614299,12.032739639282227,-3.55523681640625,-5.6381025314331055
1717728614318,10.038455963134766,0.04548787325620651,-6.4377312660217285
1717728614349,9.662583351135254,1.8745794296264648,-6.708264350891113
1717728614358,10.208436965942383,3.1242988109588623,-4.984513282775879
1717728614384,12.5929594039917,1.5657405853271484,6.344361305236816
1717728614397,12.626477241516113,-0.5769777894020081,15.106762886047363
1717728614416,13.227396011352539,1.479552984237671,-0.5410662889480591
1717728614435,9.025752067565918,-0.8259640336036682,-0.9217280149459839
1717728614454,6.880640029907227,-3.6701536178588867,1.4651883840560913
1717728614482,6.91655158996582,-6.890215873718262,3.634242057800293
1717728614492,8.422438621520996,-8.30512809753418,-1.2616900205612183
1717728614517,9.885233879089355,-9.24122142791748,-4.493723392486572
1717728614532,12.521136283874512,-3.1099343299865723,-5.676407814025879
1717728614552,15.37250804901123,1.7524802684783936,-0.9743981957435608
1717728614582,16.241565704345703,3.5121426582336426,7.258907318115234
1717728614591,15.695711135864258,3.3589205741882324,4.153761386871338
1717728614615,13.10290241241455,0.9815804958343506,0.9720040559768677
1717728614631,12.655205726623535,0.8331463932991028,4.589487552642822
1717728614646,13.114872932434082,2.530562400817871,4.3979597091674805
1717728614667,12.578595161437988,1.5034940242767334,2.669420003890991
1717728614696,14.23770523071289,-1.1467732191085815,-2.5425326824188232
1717728614709,12.427766799926758,-2.530562400817871,-8.99223518371582
1717728614739,12.737613677978516,-4.9712724685668945,-2.74418044090271
1717728614773,12.667176246643066,-5.970882415771484,0.3782675862312317
1717728614802,13.11113166809082,-10.57872200012207,3.7770211696624756
1717728614835,11.552709579467773,-7.325867176055908,1.0945770740509033
1717728614851,8.712099075317383,-2.7581231594085693,-7.873108386993408
1717728614874,8.337327003479004,-0.7532818913459778,-7.082286357879639
1717728614899,7.64272928237915,0.3666772246360779,-3.079007625579834
1717728614919,6.033658027648926,0.08076494932174683,-3.0960497856140137
1717728614955,4.335297584533691,-0.3940734267234802,-4.789758205413818
1717728614981,2.0979881286621094,-3.176010847091675,-4.54217004776001
1717728615010,-0.9179122447967529,-6.312787055969238,-1.0919878482818604
1717728615035,3.701653242111206,-3.8579366207122803,6.937158107757568
1717728615063,12.996732711791992,-1.2428054809570312,11.753660202026367
1717728615089,16.969371795654297,-5.707531452178955,13.04783821105957
1717728615116,10.747109413146973,-5.393904685974121,11.486886024475098
1717728615132,8.769583702087402,-5.554308891296387,9.255585670471191
1717728615152,8.769583702087402,-5.554308891296387,9.255585670471191
1717728615180,8.769583702087402,-5.554308891296387,9.255585670471191
1717728615200,9.350931167602539,-8.083718299865723,-3.7827723026275635
1717728615220,9.056077003479004,-6.43796443939209,-4.375016212463379
1717728615254,5.953336715698242,-5.3724846839904785,-2.8115503787994385
1717728615283,4.661211013793945,-4.822567939758301,-1.2813016176223755
1717728615290,6.772887229919434,-4.641119003295898,-2.2300095558166504
1717728615319,12.306294441223145,-4.548357963562012,-4.1865315437316895
1717728615351,12.620563507080078,-2.0713841915130615,-6.511307716369629
1717728615356,10.831320762634277,0.8127893805503845,-6.691808700561523
1717728615385,9.533832550048828,3.397367000579834,-5.103167533874512
1717728615413,10.223170280456543,2.334932804107666,0.7428893446922302
1717728615427,10.027578353881836,-0.5776731967926025,11.89200210571289
1717728615453,11.754342079162598,-0.8527034521102905,0.010699695907533169
1717728615483,10.194790840148926,-0.9508564472198486,-0.6776928901672363
1717728615501,8.082154273986816,-3.7681665420532227,2.6785011291503906
1717728615535,7.034501552581787,-6.849804878234863,3.4609010219573975
1717728615540,7.072681427001953,-7.955009937286377,1.121687412261963
1717728615571,10.052421569824219,-5.826080322265625,-5.144832611083984
1717728615602,12.929882049560547,-2.4089789390563965,-6.202534198760986
1717728615634,16.092391967773438,4.52767276763916,3.6939120292663574
1717728615637,15.89564037322998,4.032322883605957,6.560987949371338
1717728615672,14.692083358764648,2.13517427444458,5.64515495300293
1717728615687,12.491018295288086,0.5078268051147461,5.8127923011779785
1717728615706,13.033690452575684,1.8188117742538452,3.415667772293091
1717728615737,13.843603134155273,0.1841387003660202,-1.9868427515029907
1717728615768,13.808895111083984,-0.6183863282203674,-8.360885620117188
1717728615773,13.823338508605957,-1.4695502519607544,-6.741448879241943
1717728615803,14.130932807922363,-5.959841728210449,1.216719627380371
1717728615838,14.011920928955078,-8.119711875915527,2.9059290885925293
1717728615873,12.665753364562988,-8.43316650390625,2.658778190612793
1717728615874,10.65304183959961,-6.1411237716674805,-1.1540027856826782
1717728615900,8.768284797668457,-4.268178462982178,-5.312740325927734
1717728615920,7.339998245239258,-2.242717981338501,-4.389688968658447
1717728615956,6.616224765777588,-1.5471677780151367,-2.351412534713745
1717728615969,3.8831193447113037,-1.8560067415237427,-3.6475298404693604
1717728615988,2.5029549598693848,-2.1028501987457275,-3.869748592376709
1717728616027,1.4659435749053955,-2.892519950866699,-4.035980224609375
1717728616036,-0.23607294261455536,-5.827301502227783,-1.2579383850097656
1717728616056,-0.209417462348938,-5.808784008026123,1.7440295219421387
1717728616087,6.646018028259277,-2.8896772861480713,9.042510986328125
1717728616117,19.634004592895508,1.8961262702941895,11.288175582885742
1717728616136,17.273422241210938,-2.468315839767456,12.89700984954834
1717728616154,17.273422241210938,-2.468315839767456,12.89700984954834
1717728616184,17.273422241210938,-2.468315839767456,12.89700984954834
1717728616201,7.7115583419799805,-3.4052977561950684,3.124518871307373
1717728616221,3.143592357635498,-7.468198299407959,-3.5631637573242188
1717728616253,7.655872344970703,-10.389195442199707,-2.1754186153411865
1717728616269,17.55010414123535,-9.086580276489258,1.3442907333374023
1717728616288,8.791058540344238,-5.926257610321045,3.2076938152313232
1717728616323,5.4202680587768555,-3.3837735652923584,-2.9233086109161377
1717728616354,7.914667129516602,-2.2870497703552246,-3.6684794425964355
1717728616357,11.034269332885742,-1.9488203525543213,-5.082704067230225
1717728616390,12.449860572814941,0.046296410262584686,-8.4341459274292
1717728616420,11.296361923217773,1.9361861944198608,-7.41417932510376
1717728616437,9.33497428894043,1.0578558444976807,-2.8197638988494873
1717728616455,9.466383934020996,-0.7724466323852539,5.728124141693115
1717728616491,10.013476371765137,-2.1824228763580322,11.584452629089355
1717728616504,10.899469375610352,-1.487927794456482,-0.27793559432029724
1717728616523,10.31503963470459,-1.8234338760375977,0.762581467628479
1717728616556,8.160571098327637,-4.465005397796631,1.3284893035888672
1717728616590,7.751091957092285,-6.481996059417725,1.6115926504135132
1717728616594,8.132885932922363,-7.587690353393555,-0.3787938058376312
1717728616618,12.425165176391602,-1.7731249332427979,-6.21185827255249
1717728616641,14.637459754943848,2.93179988861084,-2.389752149581909
1717728616668,15.570597648620605,2.7726097106933594,6.125616550445557
1717728616701,14.673274993896484,1.4368622303009033,3.9241137504577637
1717728616716,13.388978958129883,0.6152481436729431,4.060975551605225
1717728616735,14.72131633758545,3.5969817638397217,2.7791385650634766
1717728616754,14.209285736083984,3.2471179962158203,0.3800620436668396
1717728616784,12.893954277038574,-1.8899421691894531,-7.487475872039795
1717728616804,12.245162010192871,-3.8862199783325195,-6.931366443634033
1717728616837,12.744434356689453,-5.637227535247803,-2.0105860233306885
1717728616853,14.268221855163574,-9.050597190856934,3.2009191513061523
1717728616871,14.387063026428223,-9.16997241973877,3.3797974586486816
1717728616906,11.188716888427734,-3.955235481262207,-0.18341292440891266
1717728616921,9.038792610168457,-3.377885580062866,-4.042534351348877
1717728616943,8.068292617797852,-3.6352696418762207,-10.111315727233887
1717728616975,7.08203649520874,-2.315380573272705,-6.599101543426514
1717728617001,5.97627067565918,-0.4609992504119873,-2.445734977722168
1717728617019,2.1116232872009277,-1.947738766670227,-3.5511372089385986
1717728617036,0.8783931732177734,-3.388991594314575,-4.130177021026611
1717728617064,0.07050622999668121,-5.13873815536499,-3.1528995037078857
1717728617086,-0.8977869749069214,-5.855965614318848,1.0557974576950073
1717728617114,2.470710039138794,-4.218401908874512,5.63092041015625
1717728617128,13.667909622192383,0.8714519143104553,7.972349166870117
1717728617152,13.667909622192383,0.8714519143104553,7.972349166870117
1717728617183,13.667909622192383,0.8714519143104553,7.972349166870117
1717728617201,6.633791446685791,-5.687381267547607,6.741057395935059
1717728617221,4.99944543838501,-5.987019062042236,0.6629549264907837
1717728617252,5.385176658630371,-6.777800559997559,-0.6113751530647278
1717728617270,9.185294151306152,-8.433526039123535,-1.0959891080856323
1717728617289,11.877917289733887,-7.053815841674805,1.3181438446044922
1717728617320,6.137363433837891,-5.21971321105957,-2.518763303756714
1717728617356,5.8132171630859375,-4.643465995788574,-2.4483048915863037
1717728617358,7.26912784576416,-4.110716342926025,-3.2987303733825684
1717728617387,12.486199378967285,-2.6119132041931152,-5.250482559204102
1717728617424,12.013559341430664,-1.3502519130706787,-6.097044944763184
1717728617434,10.556822776794434,1.530935525894165,-6.511565208435059
1717728617453,9.68973445892334,1.6156364679336548,-5.4521026611328125
1717728617491,10.273340225219727,-0.5546313524246216,7.718471050262451
1717728617503,11.992300987243652,0.5489053130149841,2.118820905685425
1717728617522,10.636802673339844,0.3100484311580658,-2.373506784439087
1717728617554,8.918085098266602,-2.575449228286743,0.5935667753219604
1717728617591,8.00341796875,-5.550509452819824,2.319674015045166
1717728617591,7.644965648651123,-8.59282112121582,2.0353689193725586
1717728617619,8.7144136428833,-9.815637588500977,-2.825711965560913
1717728617639,9.624363899230957,-6.150726795196533,-5.058884143829346
1717728617670,17.375713348388672,6.402467250823975,-0.10513101518154144
1717728617690,17.784053802490234,8.078824996948242,6.08635950088501
1717728617708,15.931241035461426,4.398108959197998,6.996519088745117
1717728617740,12.548017501831055,0.6823645234107971,1.0032964944839478
1717728617774,13.97823715209961,3.3880045413970947,2.735687255859375
1717728617785,13.334716796875,2.2199976444244385,1.1363354921340942
1717728617805,13.605228424072266,-0.7687498927116394,-2.5112712383270264
1717728617840,11.947884559631348,-2.290198802947998,-7.427448749542236
1717728617854,12.65400218963623,-5.542539596557617,-0.8779553174972534
1717728617873,13.541715621948242,-7.378356456756592,2.1825222969055176
1717728617903,13.262104988098145,-8.571662902832031,3.1885945796966553
1717728617940,12.464168548583984,-6.853453636169434,1.0946238040924072
1717728617942,10.940519332885742,-4.568947792053223,-1.75694739818573
1717728617969,8.560335159301758,-3.939944267272949,-6.145135879516602
1717728617989,7.681563854217529,-2.4948549270629883,-4.156740665435791
1717728618025,5.680878639221191,-0.7079746127128601,-4.358880519866943
1717728618050,2.6167500019073486,-2.106806993484497,-3.80422306060791
1717728618071,2.0996243953704834,-2.734060764312744,-3.9382925033569336
1717728618102,1.7022042274475098,-3.976598024368286,-3.0955698490142822
1717728618118,1.7022042274475098,-3.976598024368286,-3.0955698490142822
1717728618135,1.7022042274475098,-3.976598024368286,-3.0955698490142822
1717728618154,1.7022042274475098,-3.976598024368286,-3.0955698490142822
1717728618185,17.327802658081055,1.8980966806411743,12.104748725891113
1717728618202,12.28138542175293,-4.621431350708008,12.288198471069336
1717728618222,7.848137855529785,-5.204722881317139,10.38676643371582
1717728618256,4.528170585632324,-4.943389892578125,-0.20881253480911255
1717728618272,6.3811492919921875,-9.151604652404785,-2.911809206008911
1717728618292,9.973671913146973,-12.793140411376953,-4.991695404052734
1717728618318,10.284571647644043,-5.492523193359375,0.2576906383037567
1717728618338,5.021901607513428,-4.49342155456543,-1.3679343461990356
1717728618374,5.638607978820801,-4.8091278076171875,-2.9728662967681885
1717728618388,8.279661178588867,-4.547279357910156,-3.995734930038452
1717728618406,11.925150871276855,-3.8763504028320312,-5.355676651000977
1717728618442,13.140669822692871,-1.5341744422912598,-7.44317626953125
1717728618474,11.486562728881836,0.5501405000686646,-6.9342265129089355
1717728618485,9.322257041931152,2.184009075164795,-3.7762715816497803
1717728618504,9.638748168945312,1.0591069459915161,5.874612331390381
1717728618542,10.315560340881348,-0.9396820664405823,14.820625305175781
1717728618553,11.749737739562988,0.9668402671813965,-1.9279135465621948
1717728618573,10.62240982055664,-0.10951396077871323,-1.5988867282867432
1717728618602,8.663885116577148,-3.4884908199310303,2.9237241744995117
1717728618621,7.8195648193359375,-5.900526523590088,2.350604295730591
1717728618640,8.077116966247559,-7.618022918701172,1.542944073677063
1717728618670,10.783526420593262,-4.977011203765869,-5.024411678314209
1717728618707,12.754197120666504,-0.03620443865656853,-5.2821574211120605
1717728618718,14.450349807739258,4.94559383392334,4.482626438140869
1717728618736,14.474483489990234,3.276685953140259,4.983520984649658
1717728618757,13.137386322021484,0.4385416805744171,3.0309431552886963
1717728618792,13.833548545837402,1.428820013999939,6.039154529571533
1717728618819,14.795994758605957,3.315131187438965,1.4247075319290161
1717728618836,14.385644912719727,1.2179614305496216,-2.336350440979004
1717728618854,12.365005493164062,-0.8446809649467468,-5.582253456115723
1717728618892,11.426016807556152,-3.16186261177063,-5.0516438484191895
1717728618903,12.867215156555176,-6.70761251449585,1.0421380996704102
1717728618921,13.742565155029297,-8.027205467224121,2.460864782333374
1717728618963,13.218158721923828,-6.422972679138184,2.3225979804992676
1717728618969,11.714659690856934,-4.62732458114624,-0.8589950203895569
1717728618990,9.219205856323242,-3.505673408508301,-5.3254570960998535
1717728619018,8.23730182647705,-2.1295578479766846,-3.4990293979644775
1717728619048,7.337912559509277,-0.7278059720993042,-1.9200671911239624
1717728619071,5.25744104385376,-1.0797384977340698,-3.962233543395996
1717728619086,2.4778921604156494,-1.9104907512664795,-4.412323951721191
1717728619105,2.4778921604156494,-1.9104907512664795,-4.412323951721191
1717728619134,2.4778921604156494,-1.9104907512664795,-4.412323951721191
1717728619155,1.1600849628448486,-5.413729190826416,3.5557947158813477
1717728619183,12.955493927001953,0.4617691934108734,9.566795349121094
1717728619203,16.528959274291992,1.7061779499053955,10.59668254852295
1717728619221,11.50021743774414,-2.681349515914917,9.375907897949219
1717728619251,7.695670127868652,-4.146393775939941,9.134742736816406
1717728619271,6.51137638092041,-4.571228981018066,6.828019142150879
1717728619305,3.6485188007354736,-4.997679233551025,-0.6782590746879578
1717728619319,4.984460353851318,-7.756133079528809,-2.154273748397827
1717728619341,10.480598449707031,-11.729803085327148,-3.4081318378448486
1717728619375,14.228287696838379,-6.564044952392578,2.962675094604492
1717728619390,5.423177242279053,-4.6167449951171875,-0.6081746220588684
1717728619408,4.3939008712768555,-4.461516380310059,-3.4813458919525146
1717728619444,7.761927127838135,-2.8903565406799316,-3.7431833744049072
1717728619456,11.419075012207031,-2.51861310005188,-4.746524333953857
1717728619488,13.346660614013672,-0.27528414130210876,-7.049788951873779
1717728619505,11.64760971069336,1.7655340433120728,-6.627924919128418
1717728619525,9.85023307800293,2.583284378051758,-5.739837646484375
1717728619553,9.457137107849121,0.41880765557289124,10.149087905883789
1717728619572,10.53930377960205,0.20249606668949127,4.930538654327393
1717728619605,10.018426895141602,-0.34961384534835815,-1.0790456533432007
1717728619621,9.426020622253418,-2.3162198066711426,3.101853370666504
1717728619640,9.677680015563965,-4.317574977874756,5.880049228668213
1717728619674,7.958536624908447,-5.339897155761719,-0.881178081035614
1717728619707,8.296168327331543,-6.119511604309082,-1.8076305389404297
1717728619718,12.202166557312012,-3.074230670928955,-4.821394920349121
1717728619737,14.622446060180664,2.2332088947296143,-2.92486834526062
1717728619758,15.593245506286621,4.874974727630615,1.8297723531723022
1717728619789,14.728682518005371,3.189908742904663,3.8469393253326416
1717728619808,13.448119163513184,1.919583797454834,3.8861706256866455
1717728619835,13.453805923461914,2.9320425987243652,5.282158851623535
1717728619854,13.53089427947998,3.4169816970825195,1.154360294342041
1717728619874,14.033548355102539,1.7872309684753418,-1.4808920621871948
1717728619914,12.829885482788086,-1.7787587642669678,-6.682403564453125
1717728619921,12.5640230178833,-3.836639642715454,-2.8747708797454834
1717728619952,13.729899406433105,-7.334422588348389,1.4367843866348267
1717728619974,14.798812866210938,-8.884160041809082,2.980567693710327
1717728619990,13.57116413116455,-8.684212684631348,3.031525135040283
1717728620009,11.23460578918457,-6.105640411376953,0.3587478697299957
1717728620038,9.635721206665039,-3.536078691482544,-6.932861804962158
1717728620066,8.714518547058105,-1.1659260988235474,-3.112328290939331
1717728620085,7.088926315307617,-1.0414329767227173,-2.1977827548980713
1717728620105,6.909368991851807,-1.2233844995498657,-2.765183925628662
1717728620137,6.909368991851807,-1.2233844995498657,-2.765183925628662
1717728620155,6.909368991851807,-1.2233844995498657,-2.765183925628662
1717728620192,-0.44285523891448975,-5.36137580871582,-0.21022814512252808
1717728620205,0.9274193644523621,-4.45612096786499,2.8321146965026855
1717728620223,5.4406843185424805,-2.2771008014678955,6.250011920928955
1717728620261,19.450496673583984,1.7299370765686035,12.972509384155273
1717728620272,14.995793342590332,-5.204416751861572,12.306859970092773
1717728620302,7.039638996124268,-7.785731792449951,8.678650856018066
1717728620321,6.122522354125977,-8.117753028869629,1.5097036361694336
1717728620341,9.673954010009766,-9.028263092041016,-1.8235353231430054
1717728620375,6.359569549560547,-6.483822822570801,-3.0533461570739746
1717728620390,5.5913543701171875,-4.8113837242126465,-3.5257039070129395
1717728620417,5.676939010620117,-5.11621618270874,-2.3213887214660645
1717728620441,7.044742107391357,-5.592044353485107,-2.0182650089263916
1717728620473,9.863692283630371,-5.65167760848999,-3.184842824935913
1717728620486,14.129792213439941,-2.5478720664978027,-5.577488422393799
1717728620509,12.303220748901367,-0.41015395522117615,-5.959950923919678
1717728620540,9.711664199829102,3.325253486633301,-5.862487316131592
1717728620553,9.94509506225586,4.28188419342041,-3.9158260822296143
1717728620573,11.43989372253418,2.7625508308410645,8.40516185760498
1717728620605,12.84909725189209,2.0955073833465576,2.078184127807617
1717728620620,10.655585289001465,1.1810237169265747,-0.4088503122329712
1717728620653,7.795132160186768,-3.7103981971740723,1.1554665565490723
1717728620674,7.503522872924805,-6.558244228363037,4.082086563110352
1717728620690,7.865271091461182,-8.276236534118652,2.3148386478424072
1717728620720,9.448843002319336,-7.733526229858398,-4.554990291595459
1717728620739,11.978150367736816,-2.2717154026031494,-5.286639213562012
1717728620776,15.673381805419922,5.054247856140137,3.264244318008423
1717728620788,14.538206100463867,4.191815376281738,6.108297348022461
1717728620807,13.49051570892334,2.3478991985321045,2.583578586578369
1717728620846,11.73330307006836,1.2819710969924927,3.6176693439483643
1717728620868,14.352356910705566,3.8656492233276367,1.9722628593444824
1717728620883,14.31495189666748,1.8235793113708496,0.25773248076438904
1717728620903,13.448246955871582,-0.7308151721954346,-3.7124834060668945
1717728620924,11.910284996032715,-2.164907217025757,-7.239427089691162
1717728620956,12.854762077331543,-5.742446422576904,-0.008448408916592598
1717728620971,13.727293968200684,-7.707419395446777,1.8216547966003418
1717728621000,13.993484497070312,-9.20466423034668,4.196638107299805
1717728621024,11.788907051086426,-6.683802127838135,1.6614360809326172
1717728621040,9.726804733276367,-4.50777006149292,-2.6942501068115234
1717728621080,8.24527645111084,-1.800362229347229,-5.073094844818115
1717728621104,7.354671478271484,-0.8044171929359436,-2.183418035507202
1717728621119,6.562224388122559,-0.5674013495445251,-3.1985158920288086
1717728621136,6.562224388122559,-0.5674013495445251,-3.1985158920288086
1717728621205,0.21604540944099426,-5.120631217956543,-2.203059434890747
1717728621223,0.30337759852409363,-5.171598434448242,0.19786705076694489
1717728621262,9.563800811767578,-1.4762712717056274,7.098934173583984
1717728621292,21.603839874267578,0.1043473556637764,17.171966552734375
1717728621303,17.9415283203125,-4.026810646057129,13.868688583374023
1717728621325,10.919902801513672,-5.274227619171143,10.628816604614258
1717728621342,4.610836982727051,-5.538294792175293,7.126496315002441
1717728621371,2.625497341156006,-4.971717834472656,-4.336318492889404
1717728621394,4.054689884185791,-9.696760177612305,-2.897909164428711
1717728621426,19.073137283325195,-10.709348678588867,-3.2166693210601807
1717728621439,11.902034759521484,-7.089641571044922,5.745863914489746
1717728621456,4.636207103729248,-4.667144775390625,3.219374179840088
1717728621493,6.280394554138184,-3.2133901119232178,-3.6470301151275635
1717728621506,9.27884292602539,-2.9331068992614746,-5.9581427574157715
1717728621537,13.977282524108887,-1.1737008094787598,-9.151361465454102
1717728621562,13.024240493774414,0.7350647449493408,-8.95572280883789
1717728621593,9.458673477172852,2.4899508953094482,-5.085801601409912
1717728621626,8.627965927124023,-0.8521990180015564,2.340393304824829
1717728621663,11.196751594543457,-1.5654739141464233,7.177076816558838
1717728621673,11.408374786376953,-0.62021404504776,-1.9375696182250977
1717728621691,10.516645431518555,-0.36910128593444824,-2.448920249938965
1717728621726,8.25257682800293,-3.601907253265381,3.7044670581817627
1717728621753,7.920801162719727,-4.976388931274414,2.392216920852661
1717728621769,10.430614471435547,-3.920337200164795,-2.983032464981079
1717728621787,11.751529693603516,-2.6446638107299805,-3.0720152854919434
1717728621807,12.85391616821289,-0.2892902195453644,-1.6888911724090576
1717728621838,13.706613540649414,3.0887868404388428,1.0832542181015015
1717728621855,13.154779434204102,3.2980008125305176,2.8578829765319824
1717728621886,13.105555534362793,0.6618361473083496,5.381002902984619
1717728621908,14.965363502502441,2.161630153656006,3.7277488708496094
1717728621925,14.430931091308594,3.113102912902832,1.9105616807937622
1717728621955,14.170026779174805,-0.20408807694911957,-2.4398140907287598
1717728621974,12.07731819152832,-1.0123894214630127,-7.654566764831543
1717728622009,13.284147262573242,-5.062798976898193,-0.8204007148742676
1717728622044,14.172568321228027,-6.644966125488281,1.4798580408096313
1717728622049,14.122533798217773,-7.426004886627197,3.322122573852539
1717728622080,12.025558471679688,-4.948602199554443,0.1556164175271988
1717728622106,9.511754035949707,-3.945474863052368,-4.625399112701416
1717728622121,10.076762199401855,-2.8202483654022217,-9.020963668823242
1717728622159,10.076762199401855,-2.8202483654022217,-9.020963668823242
1717728622189,10.076762199401855,-2.8202483654022217,-9.020963668823242
1717728622204,2.3881514072418213,-2.000023365020752,-4.387335777282715
1717728622235,-0.08851945400238037,-5.3196916580200195,-3.8718812465667725
1717728622257,-1.2057658433914185,-6.097190856933594,-1.7429563999176025
1717728622274,-1.2547571659088135,-6.790615081787109,1.3903779983520508
1717728622306,10.598713874816895,-1.9846256971359253,9.108550071716309
1717728622320,21.0429630279541,4.625176906585693,12.706310272216797
1717728622351,13.681543350219727,-3.0277998447418213,10.74140739440918
1717728622374,9.772706985473633,-4.8717193603515625,10.628029823303223
1717728622390,5.744542121887207,-5.090678691864014,3.5763444900512695
1717728622420,5.678808212280273,-7.387419700622559,-3.062117576599121
1717728622446,8.414310455322266,-10.715524673461914,-3.2839395999908447
1717728622471,15.334197998046875,-7.002511978149414,2.366764783859253
1717728622486,7.132363796234131,-4.829565525054932,0.911859393119812
1717728622505,3.873703956604004,-3.9867336750030518,-1.5582282543182373
1717728622537,6.310531139373779,-3.591433525085449,-3.6708691120147705
1717728622559,10.37462329864502,-3.243952512741089,-5.0936079025268555
1717728622593,12.619606971740723,-1.729671597480774,-8.858940124511719
1717728622604,11.714210510253906,0.051384616643190384,-8.883807182312012
1717728622623,9.907910346984863,1.2330800294876099,-6.84144926071167
1717728622653,10.155044555664062,0.7658624053001404,3.217316150665283
1717728622672,10.857860565185547,-0.5033241510391235,16.98649787902832
1717728622701,11.391095161437988,1.1444400548934937,-1.2618695497512817
1717728622726,8.979328155517578,-0.7775043249130249,-0.5048343539237976
1717728622742,7.426481246948242,-3.7554337978363037,2.688828468322754
1717728622771,8.381430625915527,-5.792746067047119,0.3451536297798157
1717728622793,9.307886123657227,-5.626236915588379,-2.291217803955078
1717728622823,13.037970542907715,-1.3221957683563232,-3.6874992847442627
1717728622837,14.567556381225586,2.5630908012390137,-0.8564963936805725
1717728622855,14.956122398376465,4.038058757781982,2.604163408279419
1717728622886,14.069023132324219,2.568540573120117,2.5864334106445312
1717728622908,13.011813163757324,1.7421598434448242,3.0111188888549805
1717728622942,14.380043029785156,3.2750422954559326,5.031430244445801
1717728622974,14.133500099182129,0.26848044991493225,0.4002584218978882
1717728623002,12.663924217224121,-2.1306216716766357,-8.186300277709961
1717728623024,12.823040008544922,-4.117202281951904,-3.299015760421753
1717728623057,14.34150218963623,-9.068289756774902,4.161884784698486
1717728623081,13.821131706237793,-9.030540466308594,3.337373733520508
1717728623107,12.580988883972168,-7.108078956604004,1.3837891817092896
1717728623141,9.530906677246094,-4.6445512771606445,-3.6438181400299072
1717728623157,9.530906677246094,-4.6445512771606445,-3.6438181400299072
1717728623187,7.547558307647705,-3.2452754974365234,-3.5948853492736816
1717728623212,3.3759846687316895,-2.0881762504577637,-3.059093713760376
1717728623240,1.263269066810608,-2.849555730819702,-3.5696144104003906
1717728623274,0.7951114773750305,-4.25319766998291,-3.148256540298462
1717728623308,1.6052016019821167,-4.061682224273682,2.9694161415100098
1717728623323,7.403518199920654,-2.1298234462738037,8.084397315979004
1717728623353,21.677669525146484,0.30990177392959595,14.720251083374023
1717728623378,16.41877555847168,-4.434859752655029,12.972856521606445
1717728623412,3.71579909324646,-7.15144681930542,7.394078254699707
1717728623420,2.092052936553955,-6.484841823577881,0.3791466951370239
1717728623440,3.9308278560638428,-6.135069847106934,-1.1974895000457764
1717728623469,11.556577682495117,-11.544261932373047,-3.5993611812591553
1717728623494,19.404956817626953,-9.370555877685547,-1.1204543113708496
1717728623526,6.1762309074401855,-4.197159767150879,0.41519197821617126
1717728623537,4.282870769500732,-3.2999002933502197,-2.433927059173584
1717728623565,4.87660026550293,-2.7133748531341553,-4.316526412963867
1717728623590,12.843239784240723,-2.0241873264312744,-6.990750312805176
1717728623605,13.656070709228516,-1.1206389665603638,-6.96246862411499
1717728623623,12.416074752807617,0.7074915170669556,-6.991605758666992
1717728623653,9.384342193603516,2.5357015132904053,-4.742000579833984
1717728623678,9.118231773376465,1.745392084121704,-4.598924160003662
1717728623712,10.401575088500977,-2.5238819122314453,13.387986183166504
1717728623741,11.508108139038086,-0.07163481414318085,-0.6700922250747681
1717728623778,9.147944450378418,-1.072372317314148,-1.1184405088424683
1717728623790,8.534210205078125,-2.364396333694458,1.2391817569732666
1717728623819,9.201120376586914,-5.775203227996826,1.1816493272781372
1717728623842,10.31902027130127,-5.729926586151123,0.14294591546058655
1717728623858,11.650537490844727,-3.8620803356170654,-1.1395756006240845
1717728623888,14.05819320678711,3.5398664474487305,-1.1716196537017822
1717728623912,14.149139404296875,4.261996746063232,2.054429054260254
1717728623944,13.122666358947754,2.2250020503997803,5.861642360687256
1717728623961,13.98849868774414,1.5458974838256836,5.822705268859863
1717728623984,14.277792930603027,1.8184566497802734,3.061635732650757
1717728624009,14.23440933227539,0.420820027589798,-1.6887259483337402
1717728624024,13.029032707214355,-0.2687770128250122,-8.755186080932617
1717728624052,13.169356346130371,-3.9948558807373047,-2.184431552886963
1717728624075,13.801714897155762,-6.179600715637207,1.0542091131210327
1717728624099,14.845806121826172,-8.262035369873047,3.981386184692383
1717728624123,13.471593856811523,-7.148778915405273,2.595202922821045
1717728624137,12.008798599243164,-5.702743053436279,0.7158355116844177
1717728624167,12.008798599243164,-5.702743053436279,0.7158355116844177
1717728624188,12.008798599243164,-5.702743053436279,0.7158355116844177
1717728624206,11.540754318237305,-5.309789657592773,0.42870065569877625
1717728624237,3.9887473583221436,-2.2863996028900146,-3.483267068862915
1717728624257,2.689591884613037,-2.2901716232299805,-4.031830310821533
1717728624285,0.7573235034942627,-4.40969181060791,-3.992835760116577
1717728624305,-0.035238221287727356,-5.315211296081543,-2.840461015701294
1717728624328,-0.3623294234275818,-5.5756707191467285,-0.649617612361908
1717728624360,7.4404754638671875,-3.792353391647339,7.498165130615234
1717728624393,24.287500381469727,1.3001174926757812,16.678619384765625
1717728624402,18.340845108032227,-2.875481128692627,13.832938194274902
1717728624435,10.222441673278809,-3.9620790481567383,10.7647705078125
1717728624453,4.161805152893066,-3.4121854305267334,0.5852296352386475
1717728624469,4.23373556137085,-3.709975242614746,-2.1613547801971436
1717728624487,5.336307048797607,-7.316738128662109,-4.025661468505859
1717728624517,17.446638107299805,-11.251367568969727,-5.728293418884277
1717728624539,17.333576202392578,-7.871501922607422,-3.512523651123047
1717728624556,6.570990085601807,-4.849883079528809,4.066579818725586
1717728624584,4.324653625488281,-3.247915267944336,-1.5547049045562744
1717728624605,6.455724716186523,-3.081178903579712,-3.2506558895111084
1717728624634,13.89885139465332,-3.1124300956726074,-6.87406587600708
1717728624652,13.641242027282715,-1.110437273979187,-9.992502212524414
1717728624672,11.22429370880127,1.2060128450393677,-8.689071655273438
1717728624702,8.606745719909668,1.7936056852340698,-3.5391037464141846
1717728624723,8.73324203491211,1.2250498533248901,-0.9742335081100464
1717728624751,12.070932388305664,-2.2580082416534424,16.32401466369629
1717728624777,12.672431945800781,-0.8176721930503845,5.444939136505127
1717728624790,10.732891082763672,-0.34310173988342285,-1.86133873462677
1717728624819,7.475374698638916,-2.6743662357330322,-1.4210410118103027
1717728624842,6.575836658477783,-4.952210903167725,0.48005592823028564
1717728624873,11.043294906616211,-3.832256317138672,-2.0457170009613037
1717728624885,12.962000846862793,-0.6993001699447632,-1.1533316373825073
1717728624905,14.023390769958496,1.7995434999465942,2.1571176052093506
1717728624937,13.792512893676758,2.878164768218994,0.4617762863636017
1717728624954,12.182851791381836,2.1451423168182373,2.1997389793395996
1717728624973,12.044034004211426,1.6183490753173828,5.150102615356445
1717728625014,14.456117630004883,1.9153443574905396,4.432966709136963
1717728625033,15.594298362731934,0.7256211042404175,-0.22459177672863007
1717728625057,14.709342956542969,0.3734793961048126,-7.5701398849487305
1717728625081,13.904926300048828,-2.312699556350708,-5.970882415771484
1717728625107,13.605663299560547,-5.267016887664795,0.014364592730998993
1717728625188,7.537695407867432,-2.084763526916504,-3.120177745819092
1717728625213,7.695758819580078,-1.051801323890686,-7.562257766723633
1717728625242,6.990815162658691,0.5603756904602051,-3.32961106300354
1717728625258,6.7428388595581055,0.5284939408302307,-2.8809430599212646
1717728625288,3.591979742050171,-0.9221457839012146,-3.468200206756592
1717728625311,2.882779121398926,-1.7999475002288818,-3.802119493484497
1717728625325,2.7257556915283203,-2.8391928672790527,-4.724363803863525
1717728625354,0.6384106278419495,-6.243307590484619,-2.208942413330078
1717728625382,0.23106315732002258,-6.795558452606201,0.4457273781299591
1717728625413,7.536336898803711,-5.660486698150635,5.683665752410889
1717728625422,15.866364479064941,-3.5091819763183594,12.23940372467041
1717728625444,22.228553771972656,-0.8129745125770569,21.34642791748047
1717728625483,14.933024406433105,-4.010666847229004,10.621194839477539
1717728625511,6.106390953063965,-7.13985538482666,2.847785472869873
1717728625520,8.15771770477295,-8.590662956237793,0.6151463389396667
1717728625543,11.138547897338867,-8.662385940551758,-0.5523039698600769
1717728625558,12.16248607635498,-6.519339084625244,-1.5334162712097168
1717728625588,6.365314960479736,-4.780259609222412,-3.9332656860351562
1717728625614,4.8779778480529785,-4.57468843460083,-4.113714694976807
1717728625646,6.720412254333496,-4.410726070404053,-2.891488552093506
1717728625678,12.328290939331055,-3.183713674545288,-5.054328918457031
1717728625714,11.74089527130127,-0.6566492319107056,-6.715066432952881
1717728625724,9.623157501220703,0.6388348937034607,-6.157170295715332
1717728625752,8.720179557800293,1.6531424522399902,-4.207453727722168
1717728625783,8.690000534057617,1.3958046436309814,-3.0967440605163574
1717728625811,12.209391593933105,-0.6727604269981384,-0.2408696711063385
1717728625821,11.994586944580078,-3.982875347137451,16.687944412231445
1717728625846,11.100191116333008,-3.222459316253662,13.652539253234863
1717728625879,9.656798362731934,0.44690677523612976,-4.395138740539551
1717728625889,8.582453727722168,0.3392178416252136,-3.0677928924560547
1717728625914,8.293925285339355,-0.3179587125778198,-2.5852150917053223
1717728625946,9.876194953918457,-4.466675281524658,1.916938304901123
1717728625963,10.867490768432617,-5.491634845733643,4.514673709869385
1717728625984,11.89132022857666,-0.43205639719963074,0.6086878776550293
1717728626013,11.990303993225098,1.7366821765899658,-0.2622067928314209
1717728626049,12.489869117736816,1.7442200183868408,1.3163000345230103
1717728626077,12.986164093017578,1.5256531238555908,4.691503524780273
1717728626104,14.113211631774902,1.4053360223770142,2.2265117168426514
1717728626135,14.999029159545898,1.8697911500930786,1.0797384977340698
1717728626189,15.2743501663208,2.1187775135040283,-3.7300057411193848
1717728626238,14.736907005310059,-5.110635757446289,-1.3050010204315186
1717728626259,13.972871780395508,-8.86954116821289,0.271180659532547
1717728626284,10.321401596069336,-3.1239564418792725,-1.9048105478286743
1717728626314,9.623205184936523,-3.3864362239837646,-2.8333423137664795
1717728626335,8.3423433303833,-3.799379587173462,-7.875772476196289
1717728626351,7.161023139953613,-3.486429452896118,-7.959843158721924
1717728626370,6.6579132080078125,-1.3266820907592773,-5.720235347747803
1717728626400,3.1073524951934814,-2.367417335510254,-3.641509771347046
1717728626432,1.9039592742919922,-2.6297738552093506,-4.16365385055542
1717728626451,1.6223180294036865,-4.062025547027588,-3.453775405883789
1717728626468,2.1489295959472656,-5.220245361328125,-3.539159059524536
1717728626488,3.8092293739318848,-5.864175796508789,-4.141136169433594
1717728626517,17.409687042236328,-5.701061248779297,-3.1401925086975098
1717728626536,16.450584411621094,-6.031068325042725,1.9779359102249146
1717728626565,15.721678733825684,-5.811192035675049,18.361339569091797
1717728626585,13.298018455505371,-6.417133808135986,21.545494079589844
1717728626605,8.781148910522461,-7.256613731384277,12.341719627380371
1717728626634,7.70947265625,-9.837424278259277,-1.974266529083252
1717728626653,11.434956550598145,-11.543150901794434,-4.926952838897705
1717728626672,11.957650184631348,-10.226970672607422,-5.06837272644043
1717728626702,3.680485725402832,-4.564587116241455,-5.174331188201904
1717728626722,3.915872097015381,-1.494735836982727,-3.4403979778289795
1717728626752,10.03950023651123,0.35566848516464233,-5.788229942321777
1717728626774,11.584113121032715,0.25146397948265076,-6.025157451629639
1717728626790,10.607234954833984,-0.6129709482192993,-4.252746105194092
1717728626818,11.974188804626465,1.0729823112487793,3.417736530303955
1717728626839,13.244484901428223,1.7026575803756714,8.247773170471191
1717728626868,9.694966316223145,-2.170279026031494,1.270119547843933
1717728626891,11.504739761352539,-3.5034732818603516,-1.68650221824646
1717728626907,11.587252616882324,-4.213369369506836,-4.256086826324463
1717728626937,9.409496307373047,-4.440171241760254,-2.7180659770965576
1717728626958,9.069201469421387,-4.745153427124023,-0.8149162530899048
1717728626985,9.097406387329102,-4.91111946105957,-1.1601272821426392
1717728627008,10.02843189239502,-4.292415618896484,-1.9920661449432373
1717728627022,10.397200584411621,-5.132208347320557,-2.37115740776062
1717728627052,12.162337303161621,-5.509261608123779,0.0171754602342844
1717728627071,11.367180824279785,-5.731472492218018,2.9208004474639893
1717728627088,10.82371997833252,-5.046760082244873,2.6311144828796387
1717728627112,9.490206718444824,-4.184884548187256,1.8530323505401611
1717728627142,9.198698043823242,-4.020145416259766,1.6541630029678345
1717728627168,2.7627899646759033,-0.38305580615997314,-2.736454725265503
1717728627191,3.767289400100708,-0.13252967596054077,-3.0779943466186523
1717728627219,13.477557182312012,-0.6689419746398926,-6.915425777435303
1717728627246,12.984123229980469,-2.304033041000366,-8.316452026367188
1717728627278,8.753589630126953,-3.615612268447876,-4.213172435760498
1717728627286,7.982137203216553,-3.730247735977173,-2.4302480220794678
1717728627313,7.081182956695557,-3.9759838581085205,-1.7517492771148682
1717728627346,7.833179473876953,-5.551090717315674,-2.028776168823242
1717728627355,9.312475204467773,-5.449835777282715,-1.9578713178634644
1717728627375,10.606839179992676,-5.3910698890686035,-1.7776778936386108
1717728627402,9.355281829833984,-5.5712199211120605,-0.8707647919654846
1717728627424,7.976409912109375,-6.334319591522217,-0.7065373659133911
1717728627451,9.809293746948242,-6.912385940551758,-1.8843762874603271
1717728627475,13.020842552185059,-7.950881481170654,0.5815163254737854
1717728627498,7.882309436798096,-3.4152579307556152,-1.580302119255066
1717728627525,9.196290969848633,-2.066955089569092,0.4992751181125641
1717728627540,7.62061071395874,0.04616006836295128,8.23216438293457
1717728627568,13.853595733642578,-1.3660837411880493,-0.7048240900039673
1717728627590,9.760880470275879,-6.2561845779418945,-5.1522088050842285
1717728627605,8.290635108947754,-7.03199577331543,-6.5696563720703125
1717728627635,11.726207733154297,-5.516352653503418,-3.725897789001465
1717728627657,12.957683563232422,-5.635120868682861,-0.9172598719596863
1717728627683,9.960257530212402,-5.178565502166748,3.038452625274658
1717728627703,9.39928913116455,-6.61364221572876,2.7926039695739746
1717728627745,8.148938179016113,-7.20811128616333,0.5328013896942139
1717728627755,6.929792404174805,-3.954075574874878,-3.412209987640381
1717728627770,6.536613464355469,-2.683295965194702,-2.961888074874878
1717728627799,5.586399555206299,-1.7118414640426636,1.2258059978485107
1717728627824,7.127540588378906,-2.244210720062256,3.1818532943725586
1717728627838,11.086384773254395,-2.933730363845825,4.382757663726807
1717728627868,10.977686882019043,-9.238046646118164,-1.3435267210006714
1717728627891,9.580299377441406,-8.166810989379883,-3.350666046142578
1717728627916,9.542610168457031,-2.027649402618408,2.7009294033050537
1717728627947,10.225592613220215,-2.3041739463806152,3.4358458518981934
1717728627955,11.524727821350098,-4.109069347381592,0.3091627359390259
1717728627991,11.698534965515137,-3.9021897315979004,4.081101417541504
1717728628016,8.552626609802246,-4.5351762771606445,2.9614551067352295
1717728628035,10.32096004486084,-6.483219623565674,1.8650028705596924
1717728628055,11.230716705322266,-9.38247299194336,-1.32872474193573
1717728628073,4.8552327156066895,-10.397570610046387,0.629647970199585
1717728628100,4.8552327156066895,-10.397570610046387,0.629647970199585
1717728628124,4.8552327156066895,-10.397570610046387,0.629647970199585
1717728628148,7.033772945404053,-8.100985527038574,4.131357192993164
1717728628175,8.788311958312988,-9.680191040039062,4.5360918045043945
1717728628190,10.490978240966797,-10.830267906188965,2.2885308265686035
1717728628217,10.269341468811035,-5.232697010040283,7.162649631500244
1717728628242,8.52037239074707,-1.7330923080444336,10.358682632446289
1717728628265,1.2241766452789307,-10.178431510925293,7.903290271759033
1717728628290,0.5368123650550842,-9.625794410705566,3.5414628982543945
1717728628308,2.186742067337036,-9.628524780273438,1.2689107656478882
1717728628333,5.74655818939209,-11.485255241394043,1.6981488466262817
1717728628354,6.423009872436523,-11.835919380187988,1.9078788757324219
1717728628371,3.061469316482544,-11.550503730773926,4.722835540771484
1717728628401,-2.8010053634643555,-10.148686408996582,3.333735942840576
1717728628425,-2.956829786300659,-8.894232749938965,2.229212760925293
1717728628449,-6.640968322753906,-7.2708001136779785,16.587270736694336
1717728628474,-4.536343097686768,-5.558042526245117,13.964993476867676
1717728628489,-0.3330644369125366,-4.035520553588867,17.0687198638916
1717728628520,8.453407287597656,-2.3862576484680176,19.926212310791016
1717728628543,11.137474060058594,-1.14707612991333,15.937755584716797
1717728628567,10.058094024658203,-1.4238083362579346,15.691764831542969
1717728628594,8.742027282714844,-2.3279874324798584,15.546565055847168
1717728628615,6.47263765335083,-4.571846961975098,11.449313163757324
1717728628643,6.748198509216309,-4.959375381469727,10.19814395904541
1717728628656,6.288421154022217,-4.885354042053223,9.179378509521484
1717728628684,4.135531902313232,-4.799301624298096,4.553149223327637
1717728628711,2.348905086517334,-3.678218126296997,2.6438608169555664
1717728628725,0.09030340611934662,-2.8713653087615967,3.1946022510528564
1717728628751,-2.341978073120117,-4.205266952514648,5.162830829620361
1717728628777,-2.1318774223327637,-4.551349639892578,6.246592998504639
1717728628800,-0.9513765573501587,-2.063720464706421,8.36624526977539
1717728628824,-0.9323321580886841,-1.4497056007385254,6.894890785217285
1717728628839,-0.5877485871315002,-1.028598666191101,4.723658561706543
1717728628868,-0.33040693402290344,-0.5062165260314941,4.738828182220459
1717728628894,-1.0719196796417236,-0.6055682897567749,3.936697483062744
1717728628917,-3.771026849746704,-0.8969454765319824,4.262078285217285
1717728628942,-8.295488357543945,-1.421510934829712,17.75066375732422
1717728628958,-6.780038356781006,0.8547976613044739,19.729320526123047
1717728628988,-2.239840269088745,0.6433287858963013,11.321084022521973
1717728629020,-0.8810282945632935,2.106806993484497,8.113600730895996
1717728629044,-1.3454835414886475,2.6143558025360107,8.022624969482422
1717728629062,-2.3797342777252197,2.5521092414855957,8.386528015136719
1717728629084,-2.3797342777252197,2.5521092414855957,8.386528015136719
1717728629120,-2.3797342777252197,2.5521092414855957,8.386528015136719
1717728629149,-1.1629536151885986,3.66556978225708,9.45877742767334
1717728629176,-1.291110873222351,3.8260107040405273,9.024369239807129
1717728629192,-1.3197706937789917,3.977311849594116,8.743767738342285
1717728629218,-0.9498741030693054,4.4489827156066895,7.9088664054870605
1717728629244,-0.9945127964019775,4.621324062347412,7.931809425354004
1717728629266,-1.3335130214691162,4.261142730712891,9.291879653930664
1717728629293,-1.1880106925964355,4.136240005493164,8.694967269897461
1717728629307,-0.9160900712013245,4.455361366271973,8.120197296142578
1717728629335,-0.927170991897583,4.811668395996094,8.47346019744873
1717728629358,-1.1695923805236816,4.583707332611084,8.766908645629883
1717728629382,-1.1252410411834717,4.642139434814453,8.25016975402832
1717728629410,-1.090318202972412,4.6871185302734375,7.894396781921387
1717728629426,-1.1922962665557861,4.887653350830078,8.21798038482666
1717728629450,-1.568532109260559,4.881028652191162,8.799810409545898
1717728629479,-1.1922847032546997,4.896454811096191,8.0264253616333
1717728629499,-0.9390948414802551,5.177333354949951,7.534665584564209
1717728629529,-1.1653801202774048,5.073879718780518,7.164235591888428
1717728629539,-1.1979292631149292,4.9205002784729,7.03385591506958
1717728629569,-0.7007268667221069,5.105715274810791,7.228373050689697
1717728629596,-0.42327868938446045,5.1630072593688965,6.767190456390381
1717728629626,-0.8190873265266418,4.8719706535339355,10.374868392944336
1717728629642,-0.8932386040687561,4.388143062591553,11.65964412689209
